time_s,qx,qy,qz,qw,x_m,y_m,z_m,vertical_speed_mps,pressure_pa,temperature_k,density_kgm3,ideal_hover_power_w,source_kind
0.0,0,0,0,1,0,0,0.0,0.0,700.0,230.0,0.01610987857754375,90.7964620016806,1
0.02,0,0,0,1,0,0,0.00017338246827438948,0.01731276813996292,700.0,230.0,0.01610987857754375,90.7964620016806,1
0.04,0,0,0,1,0,0,0.0006914915780994754,0.034472664155069645,700.0,230.0,0.01610987857754375,90.7964620016806,1
0.06,0,0,0,1,0,0,0.0015512698869781347,0.0514796880453202,700.0,230.0,0.01610987857754375,90.7964620016806,1
0.08,0,0,0,1,0,0,0.0027496599524132422,0.06833383981071456,700.0,230.0,0.01610987857754375,90.7964620016806,1
0.1,0,0,0,1,0,0,0.004283604331907677,0.08503511945125274,700.0,230.0,0.01610987857754375,90.7964620016806,1
0.12,0,0,0,1,0,0,0.006150045582964312,0.10158352696693473,700.0,230.0,0.01610987857754375,90.7964620016806,1
0.14,0,0,0,1,0,0,0.008345926263086025,0.11797906235776054,700.0,230.0,0.01610987857754375,90.7964620016806,1
0.16,0,0,0,1,0,0,0.010868188929775691,0.13422172562373016,700.0,230.0,0.01610987857754375,90.7964620016806,1
0.18,0,0,0,1,0,0,0.013713776140536186,0.1503115167648436,700.0,230.0,0.01610987857754375,90.7964620016806,1
0.2,0,0,0,1,0,0,0.016879630452870394,0.1662484357811009,700.0,230.0,0.01610987857754375,90.7964620016806,1
0.22,0,0,0,1,0,0,0.020362694424281187,0.18203248267250194,700.0,230.0,0.01610987857754375,90.7964620016806,1
0.24,0,0,0,1,0,0,0.024159910612271435,0.19766365743904682,700.0,230.0,0.01610987857754375,90.7964620016806,1
0.26,0,0,0,1,0,0,0.028268221574344016,0.21314196008073552,700.0,230.0,0.01610987857754375,90.7964620016806,1
0.28,0,0,0,1,0,0,0.03268456986800181,0.22846739059756804,700.0,230.0,0.01610987857754375,90.7964620016806,1
0.3,0,0,0,1,0,0,0.03740589805074769,0.24363994898954439,700.0,230.0,0.01610987857754375,90.7964620016806,1
0.32,0,0,0,1,0,0,0.042429148680084544,0.2586596352566645,700.0,230.0,0.01610987857754375,90.7964620016806,1
0.34,0,0,0,1,0,0,0.04775126431351524,0.2735264493989285,700.0,230.0,0.01610987857754375,90.7964620016806,1
0.36,0,0,0,1,0,0,0.05336918750854262,0.28824039141633623,700.0,230.0,0.01610987857754375,90.7964620016806,1
0.38,0,0,0,1,0,0,0.05927986082266966,0.3028014613088879,700.0,230.0,0.01610987857754375,90.7964620016806,1
0.4,0,0,0,1,0,0,0.06548022681339911,0.31720965907658333,700.0,230.0,0.01610987857754375,90.7964620016806,1
0.42,0,0,0,1,0,0,0.07196722803823392,0.3314649847194225,700.0,230.0,0.01610987857754375,90.7964620016806,1
0.44,0,0,0,1,0,0,0.07873780705467698,0.34556743823740554,700.0,230.0,0.01610987857754375,90.7964620016806,1
0.46,0,0,0,1,0,0,0.08578890642023113,0.3595170196305324,700.0,230.0,0.01610987857754375,90.7964620016806,1
0.48,0,0,0,1,0,0,0.09311746869239924,0.37331372889880304,700.0,230.0,0.01610987857754375,90.7964620016806,1
0.5,0,0,0,1,0,0,0.10072043642868418,0.38695756604221754,700.0,230.0,0.01610987857754375,90.7964620016806,1
0.52,0,0,0,1,0,0,0.1085947521865889,0.4004485310607758,700.0,230.0,0.01610987857754375,90.7964620016806,1
0.54,0,0,0,1,0,0,0.11673735852361619,0.41378662395447796,700.0,230.0,0.01610987857754375,90.7964620016806,1
0.56,0,0,0,1,0,0,0.12514519799726898,0.4269718447233239,700.0,230.0,0.01610987857754375,90.7964620016806,1
0.58,0,0,0,1,0,0,0.13381521316505005,0.44000419336731356,700.0,230.0,0.01610987857754375,90.7964620016806,1
0.6,0,0,0,1,0,0,0.14274434658446247,0.4528836698864471,700.0,230.0,0.01610987857754375,90.7964620016806,1
0.62,0,0,0,1,0,0,0.15192954081300897,0.46561027428072455,700.0,230.0,0.01610987857754375,90.7964620016806,1
0.64,0,0,0,1,0,0,0.1613677384081924,0.47818400655014576,700.0,230.0,0.01610987857754375,90.7964620016806,1
0.66,0,0,0,1,0,0,0.17105588192751575,0.4906048666947108,700.0,230.0,0.01610987857754375,90.7964620016806,1
0.68,0,0,0,1,0,0,0.18099091392848182,0.5028728547144197,700.0,230.0,0.01610987857754375,90.7964620016806,1
0.7,0,0,0,1,0,0,0.19116977696859344,0.5149879706092721,700.0,230.0,0.01610987857754375,90.7964620016806,1
0.72,0,0,0,1,0,0,0.2015894136053536,0.5269502143792686,700.0,230.0,0.01610987857754375,90.7964620016806,1
0.74,0,0,0,1,0,0,0.21224676639626522,0.5387595860244089,700.0,230.0,0.01610987857754375,90.7964620016806,1
0.76,0,0,0,1,0,0,0.22313877789883102,0.5504160855446931,700.0,230.0,0.01610987857754375,90.7964620016806,1
0.78,0,0,0,1,0,0,0.23426239067055388,0.561919712940121,700.0,230.0,0.01610987857754375,90.7964620016806,1
0.8,0,0,0,1,0,0,0.24561454726893678,0.5732704682106927,700.0,230.0,0.01610987857754375,90.7964620016806,1
0.82,0,0,0,1,0,0,0.25719219025148254,0.5844683513564082,700.0,230.0,0.01610987857754375,90.7964620016806,1
0.84,0,0,0,1,0,0,0.268992262175694,0.5955133623772675,700.0,230.0,0.01610987857754375,90.7964620016806,1
0.86,0,0,0,1,0,0,0.2810117055990742,0.6064055012732706,700.0,230.0,0.01610987857754375,90.7964620016806,1
0.88,0,0,0,1,0,0,0.29324746307912586,0.6171447680444176,700.0,230.0,0.01610987857754375,90.7964620016806,1
0.9,0,0,0,1,0,0,0.3056964771733518,0.6277311626907084,700.0,230.0,0.01610987857754375,90.7964620016806,1
0.92,0,0,0,1,0,0,0.31835569043925516,0.6381646852121431,700.0,230.0,0.01610987857754375,90.7964620016806,1
0.94,0,0,0,1,0,0,0.33122204543433853,0.6484453356087215,700.0,230.0,0.01610987857754375,90.7964620016806,1
0.96,0,0,0,1,0,0,0.344292484716105,0.6585731138804438,700.0,230.0,0.01610987857754375,90.7964620016806,1
0.98,0,0,0,1,0,0,0.3575639508420573,0.6685480200273097,700.0,230.0,0.01610987857754375,90.7964620016806,1
1.0,0,0,0,1,0,0,0.3710333863696983,0.6783700540493196,700.0,230.0,0.01610987857754375,90.7964620016806,1
1.02,0,0,0,1,0,0,0.38469773385653105,0.6880392159464734,700.0,230.0,0.01610987857754375,90.7964620016806,1
1.04,0,0,0,1,0,0,0.3985539358600583,0.6975555057187709,700.0,230.0,0.01610987857754375,90.7964620016806,1
1.06,0,0,0,1,0,0,0.4125989349377829,0.7069189233662122,700.0,230.0,0.01610987857754375,90.7964620016806,1
1.08,0,0,0,1,0,0,0.4268296736472077,0.7161294688887974,700.0,230.0,0.01610987857754375,90.7964620016806,1
1.1,0,0,0,1,0,0,0.44124309454583566,0.7251871422865261,700.0,230.0,0.01610987857754375,90.7964620016806,1
1.12,0,0,0,1,0,0,0.45583614019116964,0.734091943559399,700.0,230.0,0.01610987857754375,90.7964620016806,1
1.14,0,0,0,1,0,0,0.47060575314071246,0.7428438727074155,700.0,230.0,0.01610987857754375,90.7964620016806,1
1.16,0,0,0,1,0,0,0.48554887595196705,0.7514429297305759,700.0,230.0,0.01610987857754375,90.7964620016806,1
1.18,0,0,0,1,0,0,0.5006624511824366,0.7598891146288802,700.0,230.0,0.01610987857754375,90.7964620016806,1
1.2,0,0,0,1,0,0,0.5159434213896233,0.7681824274023282,700.0,230.0,0.01610987857754375,90.7964620016806,1
1.22,0,0,0,1,0,0,0.5313887291310305,0.77632286805092,700.0,230.0,0.01610987857754375,90.7964620016806,1
1.24,0,0,0,1,0,0,0.5469953169641613,0.7843104365746558,700.0,230.0,0.01610987857754375,90.7964620016806,1
1.26,0,0,0,1,0,0,0.5627601274465179,0.7921451329735352,700.0,230.0,0.01610987857754375,90.7964620016806,1
1.28,0,0,0,1,0,0,0.5786801031356035,0.7998269572475585,700.0,230.0,0.01610987857754375,90.7964620016806,1
1.3,0,0,0,1,0,0,0.5947521865889212,0.8073559093967255,700.0,230.0,0.01610987857754375,90.7964620016806,1
1.32,0,0,0,1,0,0,0.6109733203639736,0.8147319894210364,700.0,230.0,0.01610987857754375,90.7964620016806,1
1.34,0,0,0,1,0,0,0.6273404470182634,0.8219551973204912,700.0,230.0,0.01610987857754375,90.7964620016806,1
1.36,0,0,0,1,0,0,0.6438505091092942,0.8290255330950896,700.0,230.0,0.01610987857754375,90.7964620016806,1
1.38,0,0,0,1,0,0,0.6605004491945679,0.835942996744832,700.0,230.0,0.01610987857754375,90.7964620016806,1
1.4,0,0,0,1,0,0,0.6772872098315882,0.8427075882697181,700.0,230.0,0.01610987857754375,90.7964620016806,1
1.42,0,0,0,1,0,0,0.6942077335778577,0.8493193076697481,700.0,230.0,0.01610987857754375,90.7964620016806,1
1.44,0,0,0,1,0,0,0.711258962990879,0.8557781549449218,700.0,230.0,0.01610987857754375,90.7964620016806,1
1.46,0,0,0,1,0,0,0.7284378406281553,0.8620841300952394,700.0,230.0,0.01610987857754375,90.7964620016806,1
1.48,0,0,0,1,0,0,0.7457413090471898,0.868237233120701,700.0,230.0,0.01610987857754375,90.7964620016806,1
1.5,0,0,0,1,0,0,0.7631663108054847,0.8742374640213063,700.0,230.0,0.01610987857754375,90.7964620016806,1
1.52,0,0,0,1,0,0,0.7807097884605432,0.8800848227970556,700.0,230.0,0.01610987857754375,90.7964620016806,1
1.54,0,0,0,1,0,0,0.798368684569868,0.8857793094479484,700.0,230.0,0.01610987857754375,90.7964620016806,1
1.56,0,0,0,1,0,0,0.8161399416909618,0.8913209239739852,700.0,230.0,0.01610987857754375,90.7964620016806,1
1.58,0,0,0,1,0,0,0.8340205023813281,0.8967096663751656,700.0,230.0,0.01610987857754375,90.7964620016806,1
1.6,0,0,0,1,0,0,0.8520073091984696,0.9019455366514899,700.0,230.0,0.01610987857754375,90.7964620016806,1
1.62,0,0,0,1,0,0,0.8700973046998887,0.907028534802958,700.0,230.0,0.01610987857754375,90.7964620016806,1
1.64,0,0,0,1,0,0,0.8882874314430886,0.91195866082957,700.0,230.0,0.01610987857754375,90.7964620016806,1
1.66,0,0,0,1,0,0,0.9065746319855723,0.9167359147313257,700.0,230.0,0.01610987857754375,90.7964620016806,1
1.68,0,0,0,1,0,0,0.9249558488848425,0.9213602965082254,700.0,230.0,0.01610987857754375,90.7964620016806,1
1.7,0,0,0,1,0,0,0.9434280246984023,0.9258318061602687,700.0,230.0,0.01610987857754375,90.7964620016806,1
1.72,0,0,0,1,0,0,0.9619881019837544,0.9301504436874558,700.0,230.0,0.01610987857754375,90.7964620016806,1
1.74,0,0,0,1,0,0,0.9806330232984014,0.9343162090897869,700.0,230.0,0.01610987857754375,90.7964620016806,1
1.76,0,0,0,1,0,0,0.999359731199847,0.9383291023672619,700.0,230.0,0.01610987857754375,90.7964620016806,1
1.78,0,0,0,1,0,0,1.018165168245593,0.9421891235198806,700.0,230.0,0.01610987857754375,90.7964620016806,1
1.8,0,0,0,1,0,0,1.0370462769931428,0.945896272547643,700.0,230.0,0.01610987857754375,90.7964620016806,1
1.82,0,0,0,1,0,0,1.056,0.9494505494505494,700.0,230.0,0.01610987857754375,90.7964620016806,1
1.84,0,0,0,1,0,0,1.0750232798236659,0.9528519542285995,700.0,230.0,0.01610987857754375,90.7964620016806,1
1.86,0,0,0,1,0,0,1.0941130590216446,0.9561004868817933,700.0,230.0,0.01610987857754375,90.7964620016806,1
1.88,0,0,0,1,0,0,1.1132662801514388,0.959196147410131,700.0,230.0,0.01610987857754375,90.7964620016806,1
1.9,0,0,0,1,0,0,1.1324798857705507,0.9621389358136128,700.0,230.0,0.01610987857754375,90.7964620016806,1
1.92,0,0,0,1,0,0,1.1517508184364844,0.964928852092238,700.0,230.0,0.01610987857754375,90.7964620016806,1
1.94,0,0,0,1,0,0,1.1710760207067412,0.9675658962460071,700.0,230.0,0.01610987857754375,90.7964620016806,1
1.96,0,0,0,1,0,0,1.1904524351388255,0.9700500682749201,700.0,230.0,0.01610987857754375,90.7964620016806,1
1.98,0,0,0,1,0,0,1.2098770042902394,0.9723813681789768,700.0,230.0,0.01610987857754375,90.7964620016806,1
2.0,0,0,0,1,0,0,1.2293466707184852,0.9745597959581775,700.0,230.0,0.01610987857754375,90.7964620016806,1
2.02,0,0,0,1,0,0,1.248858376981067,0.976585351612522,700.0,230.0,0.01610987857754375,90.7964620016806,1
2.04,0,0,0,1,0,0,1.2684090656354874,0.9784580351420104,700.0,230.0,0.01610987857754375,90.7964620016806,1
2.06,0,0,0,1,0,0,1.2879956792392484,0.9801778465466425,700.0,230.0,0.01610987857754375,90.7964620016806,1
2.08,0,0,0,1,0,0,1.307615160349854,0.9817447858264183,700.0,230.0,0.01610987857754375,90.7964620016806,1
2.1,0,0,0,1,0,0,1.3272644515248064,0.983158852981338,700.0,230.0,0.01610987857754375,90.7964620016806,1
2.12,0,0,0,1,0,0,1.3469404953216086,0.9844200480114015,700.0,230.0,0.01610987857754375,90.7964620016806,1
2.14,0,0,0,1,0,0,1.3666402342977633,0.9855283709166089,700.0,230.0,0.01610987857754375,90.7964620016806,1
2.16,0,0,0,1,0,0,1.3863606110107738,0.9864838216969601,700.0,230.0,0.01610987857754375,90.7964620016806,1
2.18,0,0,0,1,0,0,1.4060985680181426,0.9872864003524551,700.0,230.0,0.01610987857754375,90.7964620016806,1
2.2,0,0,0,1,0,0,1.425851047877373,0.9879361068830939,700.0,230.0,0.01610987857754375,90.7964620016806,1
2.22,0,0,0,1,0,0,1.4456149931459674,0.9884329412888763,700.0,230.0,0.01610987857754375,90.7964620016806,1
2.24,0,0,0,1,0,0,1.4653873463814289,0.9887769035698026,700.0,230.0,0.01610987857754375,90.7964620016806,1
2.26,0,0,0,1,0,0,1.4851650501412603,0.9889679937258731,700.0,230.0,0.01610987857754375,90.7964620016806,1
2.28,0,0,0,1,0,0,1.5049450469829644,0.9890062117570871,700.0,230.0,0.01610987857754375,90.7964620016806,1
2.3,0,0,0,1,0,0,1.5247242794640445,0.988891557663445,700.0,230.0,0.01610987857754375,90.7964620016806,1
2.32,0,0,0,1,0,0,1.5444996901420032,0.9886240314449467,700.0,230.0,0.01610987857754375,90.7964620016806,1
2.34,0,0,0,1,0,0,1.564268221574343,0.9882036331015923,700.0,230.0,0.01610987857754375,90.7964620016806,1
2.36,0,0,0,1,0,0,1.5840268163185685,0.9876303626333813,700.0,230.0,0.01610987857754375,90.7964620016806,1
2.38,0,0,0,1,0,0,1.6037724169321796,0.9869042200403145,700.0,230.0,0.01610987857754375,90.7964620016806,1
2.4,0,0,0,1,0,0,1.6235019659726817,0.9860252053223916,700.0,230.0,0.01610987857754375,90.7964620016806,1
2.42,0,0,0,1,0,0,1.6432124059975766,0.9849933184796122,700.0,230.0,0.01610987857754375,90.7964620016806,1
2.44,0,0,0,1,0,0,1.6629006795643668,0.9838085595119769,700.0,230.0,0.01610987857754375,90.7964620016806,1
2.46,0,0,0,1,0,0,1.682563729230556,0.9824709284194851,700.0,230.0,0.01610987857754375,90.7964620016806,1
2.48,0,0,0,1,0,0,1.7021984975536482,0.9809804252021375,700.0,230.0,0.01610987857754375,90.7964620016806,1
2.5,0,0,0,1,0,0,1.7218019270911435,0.9793370498599334,700.0,230.0,0.01610987857754375,90.7964620016806,1
2.52,0,0,0,1,0,0,1.7413709604005463,0.9775408023928732,700.0,230.0,0.01610987857754375,90.7964620016806,1
2.54,0,0,0,1,0,0,1.7609025400393592,0.9755916828009569,700.0,230.0,0.01610987857754375,90.7964620016806,1
2.56,0,0,0,1,0,0,1.780393608565085,0.9734896910841845,700.0,230.0,0.01610987857754375,90.7964620016806,1
2.58,0,0,0,1,0,0,1.7998411085352273,0.9712348272425557,700.0,230.0,0.01610987857754375,90.7964620016806,1
2.6,0,0,0,1,0,0,1.8192419825072883,0.9688270912760706,700.0,230.0,0.01610987857754375,90.7964620016806,1
2.62,0,0,0,1,0,0,1.838593173038771,0.9662664831847296,700.0,230.0,0.01610987857754375,90.7964620016806,1
2.64,0,0,0,1,0,0,1.8578916226871784,0.9635530029685323,700.0,230.0,0.01610987857754375,90.7964620016806,1
2.66,0,0,0,1,0,0,1.8771342740100132,0.9606866506274789,700.0,230.0,0.01610987857754375,90.7964620016806,1
2.68,0,0,0,1,0,0,1.896318069564778,0.9576674261615693,700.0,230.0,0.01610987857754375,90.7964620016806,1
2.7,0,0,0,1,0,0,1.915439951908977,0.9544953295708033,700.0,230.0,0.01610987857754375,90.7964620016806,1
2.72,0,0,0,1,0,0,1.9344968636001116,0.9511703608551813,700.0,230.0,0.01610987857754375,90.7964620016806,1
2.74,0,0,0,1,0,0,1.9534857471956852,0.947692520014703,700.0,230.0,0.01610987857754375,90.7964620016806,1
2.76,0,0,0,1,0,0,1.9724035452532003,0.9440618070493689,700.0,230.0,0.01610987857754375,90.7964620016806,1
2.78,0,0,0,1,0,0,1.9912472003301602,0.9402782219591784,700.0,230.0,0.01610987857754375,90.7964620016806,1
2.8,0,0,0,1,0,0,2.0100136549840686,0.9363417647441316,700.0,230.0,0.01610987857754375,90.7964620016806,1
2.82,0,0,0,1,0,0,2.028699851772427,0.9322524354042284,700.0,230.0,0.01610987857754375,90.7964620016806,1
2.84,0,0,0,1,0,0,2.0473027332527387,0.9280102339394695,700.0,230.0,0.01610987857754375,90.7964620016806,1
2.86,0,0,0,1,0,0,2.065819241982507,0.9236151603498542,700.0,230.0,0.01610987857754375,90.7964620016806,1
2.88,0,0,0,1,0,0,2.084246320519233,0.9190672146353827,700.0,230.0,0.01610987857754375,90.7964620016806,1
2.9,0,0,0,1,0,0,2.102580911420423,0.9143663967960549,700.0,230.0,0.01610987857754375,90.7964620016806,1
2.92,0,0,0,1,0,0,2.1208199572435764,0.9095127068318712,700.0,230.0,0.01610987857754375,90.7964620016806,1
2.94,0,0,0,1,0,0,2.1389604005461993,0.904506144742831,700.0,230.0,0.01610987857754375,90.7964620016806,1
2.96,0,0,0,1,0,0,2.1569991838857914,0.8993467105289348,700.0,230.0,0.01610987857754375,90.7964620016806,1
2.98,0,0,0,1,0,0,2.1749332498198575,0.8940344041901825,700.0,230.0,0.01610987857754375,90.7964620016806,1
3.0,0,0,0,1,0,0,2.1927595409058998,0.8885692257265737,700.0,230.0,0.01610987857754375,90.7964620016806,1
3.02,0,0,0,1,0,0,2.210474999701421,0.8829511751381092,700.0,230.0,0.01610987857754375,90.7964620016806,1
3.04,0,0,0,1,0,0,2.2280765687639255,0.877180252424788,700.0,230.0,0.01610987857754375,90.7964620016806,1
3.06,0,0,0,1,0,0,2.245561190650914,0.871256457586611,700.0,230.0,0.01610987857754375,90.7964620016806,1
3.08,0,0,0,1,0,0,2.262925807919891,0.8651797906235776,700.0,230.0,0.01610987857754375,90.7964620016806,1
3.1,0,0,0,1,0,0,2.280167363128358,0.8589502515356882,700.0,230.0,0.01610987857754375,90.7964620016806,1
3.12,0,0,0,1,0,0,2.297282798833819,0.8525678403229424,700.0,230.0,0.01610987857754375,90.7964620016806,1
3.14,0,0,0,1,0,0,2.3142690575937768,0.8460325569853406,700.0,230.0,0.01610987857754375,90.7964620016806,1
3.16,0,0,0,1,0,0,2.331123081965733,0.8393444015228823,700.0,230.0,0.01610987857754375,90.7964620016806,1
3.18,0,0,0,1,0,0,2.3478418145071926,0.8325033739355681,700.0,230.0,0.01610987857754375,90.7964620016806,1
3.2,0,0,0,1,0,0,2.364422197775657,0.8255094742233976,700.0,230.0,0.01610987857754375,90.7964620016806,1
3.22,0,0,0,1,0,0,2.380861174328629,0.818362702386371,700.0,230.0,0.01610987857754375,90.7964620016806,1
3.24,0,0,0,1,0,0,2.3971556867236123,0.8110630584244882,700.0,230.0,0.01610987857754375,90.7964620016806,1
3.26,0,0,0,1,0,0,2.41330267751811,0.8036105423377495,700.0,230.0,0.01610987857754375,90.7964620016806,1
3.28,0,0,0,1,0,0,2.4292990892696236,0.7960051541261541,700.0,230.0,0.01610987857754375,90.7964620016806,1
3.3,0,0,0,1,0,0,2.445141864535657,0.7882468937897027,700.0,230.0,0.01610987857754375,90.7964620016806,1
3.32,0,0,0,1,0,0,2.4608279458737123,0.7803357613283953,700.0,230.0,0.01610987857754375,90.7964620016806,1
3.34,0,0,0,1,0,0,2.476354275841293,0.7722717567422316,700.0,230.0,0.01610987857754375,90.7964620016806,1
3.36,0,0,0,1,0,0,2.4917177969959026,0.7640548800312117,700.0,230.0,0.01610987857754375,90.7964620016806,1
3.38,0,0,0,1,0,0,2.5069154518950434,0.7556851311953353,700.0,230.0,0.01610987857754375,90.7964620016806,1
3.4,0,0,0,1,0,0,2.521944183096217,0.7471625102346031,700.0,230.0,0.01610987857754375,90.7964620016806,1
3.42,0,0,0,1,0,0,2.5368009331569286,0.7384870171490147,700.0,230.0,0.01610987857754375,90.7964620016806,1
3.44,0,0,0,1,0,0,2.5514826446346786,0.7296586519385699,700.0,230.0,0.01610987857754375,90.7964620016806,1
3.46,0,0,0,1,0,0,2.565986260086972,0.7206774146032692,700.0,230.0,0.01610987857754375,90.7964620016806,1
3.48,0,0,0,1,0,0,2.58030872207131,0.7115433051431121,700.0,230.0,0.01610987857754375,90.7964620016806,1
3.5,0,0,0,1,0,0,2.594446973145198,0.7022563235580987,700.0,230.0,0.01610987857754375,90.7964620016806,1
3.52,0,0,0,1,0,0,2.608397955866136,0.6928164698482293,700.0,230.0,0.01610987857754375,90.7964620016806,1
3.54,0,0,0,1,0,0,2.6221586127916274,0.6832237440135038,700.0,230.0,0.01610987857754375,90.7964620016806,1
3.56,0,0,0,1,0,0,2.6357258864791766,0.6734781460539221,700.0,230.0,0.01610987857754375,90.7964620016806,1
3.58,0,0,0,1,0,0,2.6490967194862853,0.6635796759694842,700.0,230.0,0.01610987857754375,90.7964620016806,1
3.6,0,0,0,1,0,0,2.6622680543704567,0.65352833376019,700.0,230.0,0.01610987857754375,90.7964620016806,1
3.62,0,0,0,1,0,0,2.6752368336891945,0.6433241194260395,700.0,230.0,0.01610987857754375,90.7964620016806,1
3.64,0,0,0,1,0,0,2.6879999999999997,0.632967032967033,700.0,230.0,0.01610987857754375,90.7964620016806,1
3.66,0,0,0,1,0,0,2.7005544958603767,0.6224570743831703,700.0,230.0,0.01610987857754375,90.7964620016806,1
3.68,0,0,0,1,0,0,2.7128972638278275,0.6117942436744516,700.0,230.0,0.01610987857754375,90.7964620016806,1
3.7,0,0,0,1,0,0,2.7250252464598557,0.6009785408408764,700.0,230.0,0.01610987857754375,90.7964620016806,1
3.72,0,0,0,1,0,0,2.7369353863139634,0.5900099658824454,700.0,230.0,0.01610987857754375,90.7964620016806,1
3.74,0,0,0,1,0,0,2.748624625947655,0.5788885187991576,700.0,230.0,0.01610987857754375,90.7964620016806,1
3.76,0,0,0,1,0,0,2.7600899079184313,0.5676141995910143,700.0,230.0,0.01610987857754375,90.7964620016806,1
3.78,0,0,0,1,0,0,2.771328174783795,0.5561870082580145,700.0,230.0,0.01610987857754375,90.7964620016806,1
3.8,0,0,0,1,0,0,2.7823363691012517,0.5446069448001586,700.0,230.0,0.01610987857754375,90.7964620016806,1
3.82,0,0,0,1,0,0,2.7931114334283027,0.5328740092174465,700.0,230.0,0.01610987857754375,90.7964620016806,1
3.84,0,0,0,1,0,0,2.8036503103224524,0.5209882015098779,700.0,230.0,0.01610987857754375,90.7964620016806,1
3.86,0,0,0,1,0,0,2.8139499423411998,0.5089495216774533,700.0,230.0,0.01610987857754375,90.7964620016806,1
3.88,0,0,0,1,0,0,2.82400727204205,0.49675796972017267,700.0,230.0,0.01610987857754375,90.7964620016806,1
3.9,0,0,0,1,0,0,2.833819241982508,0.4844135456380358,700.0,230.0,0.01610987857754375,90.7964620016806,1
3.92,0,0,0,1,0,0,2.843382794720073,0.47191624943104277,700.0,230.0,0.01610987857754375,90.7964620016806,1
3.94,0,0,0,1,0,0,2.8526948728122496,0.4592660810991935,700.0,230.0,0.01610987857754375,90.7964620016806,1
3.96,0,0,0,1,0,0,2.8617524188165415,0.4464630406424877,700.0,230.0,0.01610987857754375,90.7964620016806,1
3.98,0,0,0,1,0,0,2.8705523752904494,0.4335071280609262,700.0,230.0,0.01610987857754375,90.7964620016806,1
4.0,0,0,0,1,0,0,2.879091684791479,0.4203983433545084,700.0,230.0,0.01610987857754375,90.7964620016806,1
4.02,0,0,0,1,0,0,2.8873672898771314,0.40713668652323476,700.0,230.0,0.01610987857754375,90.7964620016806,1
4.04,0,0,0,1,0,0,2.895376133104909,0.39372215756710427,700.0,230.0,0.01610987857754375,90.7964620016806,1
4.06,0,0,0,1,0,0,2.9031151570323157,0.3801547564861179,700.0,230.0,0.01610987857754375,90.7964620016806,1
4.08,0,0,0,1,0,0,2.910581304216856,0.36643448328027506,700.0,230.0,0.01610987857754375,90.7964620016806,1
4.1,0,0,0,1,0,0,2.9177715172160283,0.35256133794957667,700.0,230.0,0.01610987857754375,90.7964620016806,1
4.12,0,0,0,1,0,0,2.924682738587339,0.3385353204940214,700.0,230.0,0.01610987857754375,90.7964620016806,1
4.14,0,0,0,1,0,0,2.93131191088829,0.32435643091361066,700.0,230.0,0.01610987857754375,90.7964620016806,1
4.16,0,0,0,1,0,0,2.937655976676385,0.31002466920834315,700.0,230.0,0.01610987857754375,90.7964620016806,1
4.18,0,0,0,1,0,0,2.9437118785091254,0.29554003537821966,700.0,230.0,0.01610987857754375,90.7964620016806,1
4.2,0,0,0,1,0,0,2.9494765589440144,0.2809025294232396,700.0,230.0,0.01610987857754375,90.7964620016806,1
4.22,0,0,0,1,0,0,2.9549469605385554,0.2661121513434042,700.0,230.0,0.01610987857754375,90.7964620016806,1
4.24,0,0,0,1,0,0,2.9601200258502525,0.2511689011387118,700.0,230.0,0.01610987857754375,90.7964620016806,1
4.26,0,0,0,1,0,0,2.9649926974366045,0.23607277880916402,700.0,230.0,0.01610987857754375,90.7964620016806,1
4.28,0,0,0,1,0,0,2.969561917855119,0.22082378435475924,700.0,230.0,0.01610987857754375,90.7964620016806,1
4.3,0,0,0,1,0,0,2.973824629663297,0.2054219177754987,700.0,230.0,0.01610987857754375,90.7964620016806,1
4.32,0,0,0,1,0,0,2.977777775418639,0.1898671790713816,700.0,230.0,0.01610987857754375,90.7964620016806,1
4.34,0,0,0,1,0,0,2.981418297678652,0.17415956824240905,700.0,230.0,0.01610987857754375,90.7964620016806,1
4.36,0,0,0,1,0,0,2.9847431390008365,0.15829908528857956,700.0,230.0,0.01610987857754375,90.7964620016806,1
4.38,0,0,0,1,0,0,2.9877492419426974,0.14228573020989466,700.0,230.0,0.01610987857754375,90.7964620016806,1
4.4,0,0,0,1,0,0,2.9904335490617338,0.12611950300635277,700.0,230.0,0.01610987857754375,90.7964620016806,1
4.42,0,0,0,1,0,0,2.9927930029154504,0.10980040367795513,700.0,230.0,0.01610987857754375,90.7964620016806,1
4.44,0,0,0,1,0,0,2.994824546061353,0.09332843222470086,700.0,230.0,0.01610987857754375,90.7964620016806,1
4.46,0,0,0,1,0,0,2.9965251210569397,0.07670358864659127,700.0,230.0,0.01610987857754375,90.7964620016806,1
4.48,0,0,0,1,0,0,2.9978916704597167,0.05992587294362463,700.0,230.0,0.01610987857754375,90.7964620016806,1
4.5,0,0,0,1,0,0,2.998921136827186,0.04299528511580267,700.0,230.0,0.01610987857754375,90.7964620016806,1
4.52,0,0,0,1,0,0,2.999610462716851,0.025911825163124087,700.0,230.0,0.01610987857754375,90.7964620016806,1
4.54,0,0,0,1,0,0,2.9999565906862125,0.00867549308558889,700.0,230.0,0.01610987857754375,90.7964620016806,1
4.56,0,0,0,1,0,0,3.0,0.0,700.0,230.0,0.01610987857754375,90.7964620016806,1
4.58,0,0,0,1,0,0,3.0,0.0,700.0,230.0,0.01610987857754375,90.7964620016806,1
4.6,0,0,0,1,0,0,3.0,0.0,700.0,230.0,0.01610987857754375,90.7964620016806,1
4.62,0,0,0,1,0,0,3.0,0.0,700.0,230.0,0.01610987857754375,90.7964620016806,1
4.64,0,0,0,1,0,0,3.0,0.0,700.0,230.0,0.01610987857754375,90.7964620016806,1
4.66,0,0,0,1,0,0,3.0,0.0,700.0,230.0,0.01610987857754375,90.7964620016806,1
4.68,0,0,0,1,0,0,3.0,0.0,700.0,230.0,0.01610987857754375,90.7964620016806,1
4.7,0,0,0,1,0,0,3.0,0.0,700.0,230.0,0.01610987857754375,90.7964620016806,1
4.72,0,0,0,1,0,0,3.0,0.0,700.0,230.0,0.01610987857754375,90.7964620016806,1
4.74,0,0,0,1,0,0,3.0,0.0,700.0,230.0,0.01610987857754375,90.7964620016806,1
4.76,0,0,0,1,0,0,3.0,0.0,700.0,230.0,0.01610987857754375,90.7964620016806,1
4.78,0,0,0,1,0,0,3.0,0.0,700.0,230.0,0.01610987857754375,90.7964620016806,1
4.8,0,0,0,1,0,0,3.0,0.0,700.0,230.0,0.01610987857754375,90.7964620016806,1
4.82,0,0,0,1,0,0,3.0,0.0,700.0,230.0,0.01610987857754375,90.7964620016806,1
4.84,0,0,0,1,0,0,3.0,0.0,700.0,230.0,0.01610987857754375,90.7964620016806,1
4.86,0,0,0,1,0,0,3.0,0.0,700.0,230.0,0.01610987857754375,90.7964620016806,1
4.88,0,0,0,1,0,0,3.0,0.0,700.0,230.0,0.01610987857754375,90.7964620016806,1
4.9,0,0,0,1,0,0,3.0,0.0,700.0,230.0,0.01610987857754375,90.7964620016806,1
4.92,0,0,0,1,0,0,3.0,0.0,700.0,230.0,0.01610987857754375,90.7964620016806,1
4.94,0,0,0,1,0,0,3.0,0.0,700.0,230.0,0.01610987857754375,90.7964620016806,1
4.96,0,0,0,1,0,0,3.0,0.0,700.0,230.0,0.01610987857754375,90.7964620016806,1
4.98,0,0,0,1,0,0,3.0,0.0,700.0,230.0,0.01610987857754375,90.7964620016806,1
5.0,0,0,0,1,0,0,3.0,0.0,700.0,230.0,0.01610987857754375,90.7964620016806,1
5.02,0,0,0,1,0,0,3.0,0.0,700.0,230.0,0.01610987857754375,90.7964620016806,1
5.04,0,0,0,1,0,0,3.0,0.0,700.0,230.0,0.01610987857754375,90.7964620016806,1
5.06,0,0,0,1,0,0,3.0,0.0,700.0,230.0,0.01610987857754375,90.7964620016806,1
5.08,0,0,0,1,0,0,3.0,0.0,700.0,230.0,0.01610987857754375,90.7964620016806,1
5.1,0,0,0,1,0,0,3.0,0.0,700.0,230.0,0.01610987857754375,90.7964620016806,1
5.12,0,0,0,1,0,0,3.0,0.0,700.0,230.0,0.01610987857754375,90.7964620016806,1
5.14,0,0,0,1,0,0,3.0,0.0,700.0,230.0,0.01610987857754375,90.7964620016806,1
5.16,0,0,0,1,0,0,3.0,0.0,700.0,230.0,0.01610987857754375,90.7964620016806,1
5.18,0,0,0,1,0,0,3.0,0.0,700.0,230.0,0.01610987857754375,90.7964620016806,1
5.2,0,0,0,1,0,0,3.0,0.0,700.0,230.0,0.01610987857754375,90.7964620016806,1
5.22,0,0,0,1,0,0,3.0,0.0,700.0,230.0,0.01610987857754375,90.7964620016806,1
5.24,0,0,0,1,0,0,3.0,0.0,700.0,230.0,0.01610987857754375,90.7964620016806,1
5.26,0,0,0,1,0,0,3.0,0.0,700.0,230.0,0.01610987857754375,90.7964620016806,1
5.28,0,0,0,1,0,0,3.0,0.0,700.0,230.0,0.01610987857754375,90.7964620016806,1
5.3,0,0,0,1,0,0,3.0,0.0,700.0,230.0,0.01610987857754375,90.7964620016806,1
5.32,0,0,0,1,0,0,3.0,0.0,700.0,230.0,0.01610987857754375,90.7964620016806,1
5.34,0,0,0,1,0,0,3.0,0.0,700.0,230.0,0.01610987857754375,90.7964620016806,1
5.36,0,0,0,1,0,0,3.0,0.0,700.0,230.0,0.01610987857754375,90.7964620016806,1
5.38,0,0,0,1,0,0,3.0,0.0,700.0,230.0,0.01610987857754375,90.7964620016806,1
5.4,0,0,0,1,0,0,3.0,0.0,700.0,230.0,0.01610987857754375,90.7964620016806,1
5.42,0,0,0,1,0,0,3.0,0.0,700.0,230.0,0.01610987857754375,90.7964620016806,1
5.44,0,0,0,1,0,0,3.0,0.0,700.0,230.0,0.01610987857754375,90.7964620016806,1
5.46,0,0,0,1,0,0,3.0,0.0,700.0,230.0,0.01610987857754375,90.7964620016806,1
5.48,0,0,0,1,0,0,3.0,0.0,700.0,230.0,0.01610987857754375,90.7964620016806,1
5.5,0,0,0,1,0,0,3.0,0.0,700.0,230.0,0.01610987857754375,90.7964620016806,1
5.52,0,0,0,1,0,0,3.0,0.0,700.0,230.0,0.01610987857754375,90.7964620016806,1
5.54,0,0,0,1,0,0,3.0,0.0,700.0,230.0,0.01610987857754375,90.7964620016806,1
5.56,0,0,0,1,0,0,3.0,0.0,700.0,230.0,0.01610987857754375,90.7964620016806,1
5.58,0,0,0,1,0,0,3.0,0.0,700.0,230.0,0.01610987857754375,90.7964620016806,1
5.6,0,0,0,1,0,0,3.0,0.0,700.0,230.0,0.01610987857754375,90.7964620016806,1
5.62,0,0,0,1,0,0,3.0,0.0,700.0,230.0,0.01610987857754375,90.7964620016806,1
5.64,0,0,0,1,0,0,3.0,0.0,700.0,230.0,0.01610987857754375,90.7964620016806,1
5.66,0,0,0,1,0,0,3.0,0.0,700.0,230.0,0.01610987857754375,90.7964620016806,1
5.68,0,0,0,1,0,0,3.0,0.0,700.0,230.0,0.01610987857754375,90.7964620016806,1
5.7,0,0,0,1,0,0,3.0,0.0,700.0,230.0,0.01610987857754375,90.7964620016806,1
5.72,0,0,0,1,0,0,3.0,0.0,700.0,230.0,0.01610987857754375,90.7964620016806,1
5.74,0,0,0,1,0,0,3.0,0.0,700.0,230.0,0.01610987857754375,90.7964620016806,1
5.76,0,0,0,1,0,0,3.0,0.0,700.0,230.0,0.01610987857754375,90.7964620016806,1
5.78,0,0,0,1,0,0,3.0,0.0,700.0,230.0,0.01610987857754375,90.7964620016806,1
5.8,0,0,0,1,0,0,3.0,0.0,700.0,230.0,0.01610987857754375,90.7964620016806,1
5.82,0,0,0,1,0,0,3.0,0.0,700.0,230.0,0.01610987857754375,90.7964620016806,1
5.84,0,0,0,1,0,0,3.0,0.0,700.0,230.0,0.01610987857754375,90.7964620016806,1
5.86,0,0,0,1,0,0,3.0,0.0,700.0,230.0,0.01610987857754375,90.7964620016806,1
5.88,0,0,0,1,0,0,3.0,0.0,700.0,230.0,0.01610987857754375,90.7964620016806,1
5.9,0,0,0,1,0,0,3.0,0.0,700.0,230.0,0.01610987857754375,90.7964620016806,1
5.92,0,0,0,1,0,0,3.0,0.0,700.0,230.0,0.01610987857754375,90.7964620016806,1
5.94,0,0,0,1,0,0,3.0,0.0,700.0,230.0,0.01610987857754375,90.7964620016806,1
5.96,0,0,0,1,0,0,3.0,0.0,700.0,230.0,0.01610987857754375,90.7964620016806,1
5.98,0,0,0,1,0,0,3.0,0.0,700.0,230.0,0.01610987857754375,90.7964620016806,1
6.0,0,0,0,1,0,0,3.0,0.0,700.0,230.0,0.01610987857754375,90.7964620016806,1
6.02,0,0,0,1,0,0,3.0,0.0,700.0,230.0,0.01610987857754375,90.7964620016806,1
6.04,0,0,0,1,0,0,3.0,0.0,700.0,230.0,0.01610987857754375,90.7964620016806,1
6.06,0,0,0,1,0,0,3.0,0.0,700.0,230.0,0.01610987857754375,90.7964620016806,1
6.08,0,0,0,1,0,0,3.0,0.0,700.0,230.0,0.01610987857754375,90.7964620016806,1
6.1,0,0,0,1,0,0,3.0,0.0,700.0,230.0,0.01610987857754375,90.7964620016806,1
6.12,0,0,0,1,0,0,3.0,0.0,700.0,230.0,0.01610987857754375,90.7964620016806,1
6.14,0,0,0,1,0,0,3.0,0.0,700.0,230.0,0.01610987857754375,90.7964620016806,1
6.16,0,0,0,1,0,0,3.0,0.0,700.0,230.0,0.01610987857754375,90.7964620016806,1
6.18,0,0,0,1,0,0,3.0,0.0,700.0,230.0,0.01610987857754375,90.7964620016806,1
6.2,0,0,0,1,0,0,3.0,0.0,700.0,230.0,0.01610987857754375,90.7964620016806,1
6.22,0,0,0,1,0,0,3.0,0.0,700.0,230.0,0.01610987857754375,90.7964620016806,1
6.24,0,0,0,1,0,0,3.0,0.0,700.0,230.0,0.01610987857754375,90.7964620016806,1
6.26,0,0,0,1,0,0,3.0,0.0,700.0,230.0,0.01610987857754375,90.7964620016806,1
6.28,0,0,0,1,0,0,3.0,0.0,700.0,230.0,0.01610987857754375,90.7964620016806,1
6.3,0,0,0,1,0,0,3.0,0.0,700.0,230.0,0.01610987857754375,90.7964620016806,1
6.32,0,0,0,1,0,0,3.0,0.0,700.0,230.0,0.01610987857754375,90.7964620016806,1
6.34,0,0,0,1,0,0,3.0,0.0,700.0,230.0,0.01610987857754375,90.7964620016806,1
6.36,0,0,0,1,0,0,3.0,0.0,700.0,230.0,0.01610987857754375,90.7964620016806,1
6.38,0,0,0,1,0,0,3.0,0.0,700.0,230.0,0.01610987857754375,90.7964620016806,1
6.4,0,0,0,1,0,0,3.0,0.0,700.0,230.0,0.01610987857754375,90.7964620016806,1
6.42,0,0,0,1,0,0,3.0,0.0,700.0,230.0,0.01610987857754375,90.7964620016806,1
6.44,0,0,0,1,0,0,3.0,0.0,700.0,230.0,0.01610987857754375,90.7964620016806,1
6.46,0,0,0,1,0,0,3.0,0.0,700.0,230.0,0.01610987857754375,90.7964620016806,1
6.48,0,0,0,1,0,0,3.0,0.0,700.0,230.0,0.01610987857754375,90.7964620016806,1
6.5,0,0,0,1,0,0,3.0,0.0,700.0,230.0,0.01610987857754375,90.7964620016806,1
6.52,0,0,0,1,0,0,3.0,0.0,700.0,230.0,0.01610987857754375,90.7964620016806,1
6.54,0,0,0,1,0,0,3.0,0.0,700.0,230.0,0.01610987857754375,90.7964620016806,1
6.56,0,0,0,1,0,0,3.0,0.0,700.0,230.0,0.01610987857754375,90.7964620016806,1
6.58,0,0,0,1,0,0,3.0,0.0,700.0,230.0,0.01610987857754375,90.7964620016806,1
6.6,0,0,0,1,0,0,3.0,0.0,700.0,230.0,0.01610987857754375,90.7964620016806,1
6.62,0,0,0,1,0,0,3.0,0.0,700.0,230.0,0.01610987857754375,90.7964620016806,1
6.64,0,0,0,1,0,0,3.0,0.0,700.0,230.0,0.01610987857754375,90.7964620016806,1
6.66,0,0,0,1,0,0,3.0,0.0,700.0,230.0,0.01610987857754375,90.7964620016806,1
6.68,0,0,0,1,0,0,3.0,0.0,700.0,230.0,0.01610987857754375,90.7964620016806,1
6.7,0,0,0,1,0,0,3.0,0.0,700.0,230.0,0.01610987857754375,90.7964620016806,1
6.72,0,0,0,1,0,0,3.0,0.0,700.0,230.0,0.01610987857754375,90.7964620016806,1
6.74,0,0,0,1,0,0,3.0,0.0,700.0,230.0,0.01610987857754375,90.7964620016806,1
6.76,0,0,0,1,0,0,3.0,0.0,700.0,230.0,0.01610987857754375,90.7964620016806,1
6.78,0,0,0,1,0,0,3.0,0.0,700.0,230.0,0.01610987857754375,90.7964620016806,1
6.8,0,0,0,1,0,0,3.0,0.0,700.0,230.0,0.01610987857754375,90.7964620016806,1
6.82,0,0,0,1,0,0,3.0,0.0,700.0,230.0,0.01610987857754375,90.7964620016806,1
6.84,0,0,0,1,0,0,3.0,0.0,700.0,230.0,0.01610987857754375,90.7964620016806,1
6.86,0,0,0,1,0,0,3.0,0.0,700.0,230.0,0.01610987857754375,90.7964620016806,1
6.88,0,0,0,1,0,0,3.0,0.0,700.0,230.0,0.01610987857754375,90.7964620016806,1
6.9,0,0,0,1,0,0,3.0,0.0,700.0,230.0,0.01610987857754375,90.7964620016806,1
6.92,0,0,0,1,0,0,3.0,0.0,700.0,230.0,0.01610987857754375,90.7964620016806,1
6.94,0,0,0,1,0,0,3.0,0.0,700.0,230.0,0.01610987857754375,90.7964620016806,1
6.96,0,0,0,1,0,0,3.0,0.0,700.0,230.0,0.01610987857754375,90.7964620016806,1
6.98,0,0,0,1,0,0,3.0,0.0,700.0,230.0,0.01610987857754375,90.7964620016806,1
7.0,0,0,0,1,0,0,3.0,0.0,700.0,230.0,0.01610987857754375,90.7964620016806,1
7.02,0,0,0,1,0,0,3.0,0.0,700.0,230.0,0.01610987857754375,90.7964620016806,1
7.04,0,0,0,1,0,0,3.0,0.0,700.0,230.0,0.01610987857754375,90.7964620016806,1
7.06,0,0,0,1,0,0,3.0,0.0,700.0,230.0,0.01610987857754375,90.7964620016806,1
7.08,0,0,0,1,0,0,3.0,0.0,700.0,230.0,0.01610987857754375,90.7964620016806,1
7.1,0,0,0,1,0,0,3.0,0.0,700.0,230.0,0.01610987857754375,90.7964620016806,1
7.12,0,0,0,1,0,0,3.0,0.0,700.0,230.0,0.01610987857754375,90.7964620016806,1
7.14,0,0,0,1,0,0,3.0,0.0,700.0,230.0,0.01610987857754375,90.7964620016806,1
7.16,0,0,0,1,0,0,3.0,0.0,700.0,230.0,0.01610987857754375,90.7964620016806,1
7.18,0,0,0,1,0,0,3.0,0.0,700.0,230.0,0.01610987857754375,90.7964620016806,1
7.2,0,0,0,1,0,0,3.0,0.0,700.0,230.0,0.01610987857754375,90.7964620016806,1
7.22,0,0,0,1,0,0,3.0,0.0,700.0,230.0,0.01610987857754375,90.7964620016806,1
7.24,0,0,0,1,0,0,3.0,0.0,700.0,230.0,0.01610987857754375,90.7964620016806,1
7.26,0,0,0,1,0,0,3.0,0.0,700.0,230.0,0.01610987857754375,90.7964620016806,1
7.28,0,0,0,1,0,0,3.0,0.0,700.0,230.0,0.01610987857754375,90.7964620016806,1
7.3,0,0,0,1,0,0,3.0,0.0,700.0,230.0,0.01610987857754375,90.7964620016806,1
7.32,0,0,0,1,0,0,3.0,0.0,700.0,230.0,0.01610987857754375,90.7964620016806,1
7.34,0,0,0,1,0,0,3.0,0.0,700.0,230.0,0.01610987857754375,90.7964620016806,1
7.36,0,0,0,1,0,0,3.0,0.0,700.0,230.0,0.01610987857754375,90.7964620016806,1
7.38,0,0,0,1,0,0,3.0,0.0,700.0,230.0,0.01610987857754375,90.7964620016806,1
7.4,0,0,0,1,0,0,3.0,0.0,700.0,230.0,0.01610987857754375,90.7964620016806,1
7.42,0,0,0,1,0,0,3.0,0.0,700.0,230.0,0.01610987857754375,90.7964620016806,1
7.44,0,0,0,1,0,0,3.0,0.0,700.0,230.0,0.01610987857754375,90.7964620016806,1
7.46,0,0,0,1,0,0,3.0,0.0,700.0,230.0,0.01610987857754375,90.7964620016806,1
7.48,0,0,0,1,0,0,3.0,0.0,700.0,230.0,0.01610987857754375,90.7964620016806,1
7.5,0,0,0,1,0,0,3.0,0.0,700.0,230.0,0.01610987857754375,90.7964620016806,1
7.52,0,0,0,1,0,0,3.0,0.0,700.0,230.0,0.01610987857754375,90.7964620016806,1
7.54,0,0,0,1,0,0,3.0,0.0,700.0,230.0,0.01610987857754375,90.7964620016806,1
7.56,0,0,0,1,0,0,3.0,0.0,700.0,230.0,0.01610987857754375,90.7964620016806,1
7.58,0,0,0,1,0,0,3.0,0.0,700.0,230.0,0.01610987857754375,90.7964620016806,1
7.6,0,0,0,1,0,0,3.0,0.0,700.0,230.0,0.01610987857754375,90.7964620016806,1
7.62,0,0,0,1,0,0,3.0,0.0,700.0,230.0,0.01610987857754375,90.7964620016806,1
7.64,0,0,0,1,0,0,3.0,0.0,700.0,230.0,0.01610987857754375,90.7964620016806,1
7.66,0,0,0,1,0,0,3.0,0.0,700.0,230.0,0.01610987857754375,90.7964620016806,1
7.68,0,0,0,1,0,0,3.0,0.0,700.0,230.0,0.01610987857754375,90.7964620016806,1
7.7,0,0,0,1,0,0,3.0,0.0,700.0,230.0,0.01610987857754375,90.7964620016806,1
7.72,0,0,0,1,0,0,3.0,0.0,700.0,230.0,0.01610987857754375,90.7964620016806,1
7.74,0,0,0,1,0,0,3.0,0.0,700.0,230.0,0.01610987857754375,90.7964620016806,1
7.76,0,0,0,1,0,0,3.0,0.0,700.0,230.0,0.01610987857754375,90.7964620016806,1
7.78,0,0,0,1,0,0,3.0,0.0,700.0,230.0,0.01610987857754375,90.7964620016806,1
7.8,0,0,0,1,0,0,3.0,0.0,700.0,230.0,0.01610987857754375,90.7964620016806,1
7.82,0,0,0,1,0,0,3.0,0.0,700.0,230.0,0.01610987857754375,90.7964620016806,1
7.84,0,0,0,1,0,0,3.0,0.0,700.0,230.0,0.01610987857754375,90.7964620016806,1
7.86,0,0,0,1,0,0,3.0,0.0,700.0,230.0,0.01610987857754375,90.7964620016806,1
7.88,0,0,0,1,0,0,3.0,0.0,700.0,230.0,0.01610987857754375,90.7964620016806,1
7.9,0,0,0,1,0,0,3.0,0.0,700.0,230.0,0.01610987857754375,90.7964620016806,1
7.92,0,0,0,1,0,0,3.0,0.0,700.0,230.0,0.01610987857754375,90.7964620016806,1
7.94,0,0,0,1,0,0,3.0,0.0,700.0,230.0,0.01610987857754375,90.7964620016806,1
7.96,0,0,0,1,0,0,3.0,0.0,700.0,230.0,0.01610987857754375,90.7964620016806,1
7.98,0,0,0,1,0,0,3.0,0.0,700.0,230.0,0.01610987857754375,90.7964620016806,1
8.0,0,0,0,1,0,0,3.0,0.0,700.0,230.0,0.01610987857754375,90.7964620016806,1
8.02,0,0,0,1,0,0,3.0,0.0,700.0,230.0,0.01610987857754375,90.7964620016806,1
8.04,0,0,0,1,0,0,3.0,0.0,700.0,230.0,0.01610987857754375,90.7964620016806,1
8.06,0,0,0,1,0,0,3.0,0.0,700.0,230.0,0.01610987857754375,90.7964620016806,1
8.08,0,0,0,1,0,0,3.0,0.0,700.0,230.0,0.01610987857754375,90.7964620016806,1
8.1,0,0,0,1,0,0,3.0,0.0,700.0,230.0,0.01610987857754375,90.7964620016806,1
8.12,0,0,0,1,0,0,3.0,0.0,700.0,230.0,0.01610987857754375,90.7964620016806,1
8.14,0,0,0,1,0,0,3.0,0.0,700.0,230.0,0.01610987857754375,90.7964620016806,1
8.16,0,0,0,1,0,0,3.0,0.0,700.0,230.0,0.01610987857754375,90.7964620016806,1
8.18,0,0,0,1,0,0,3.0,0.0,700.0,230.0,0.01610987857754375,90.7964620016806,1
8.2,0,0,0,1,0,0,3.0,0.0,700.0,230.0,0.01610987857754375,90.7964620016806,1
8.22,0,0,0,1,0,0,3.0,0.0,700.0,230.0,0.01610987857754375,90.7964620016806,1
8.24,0,0,0,1,0,0,3.0,0.0,700.0,230.0,0.01610987857754375,90.7964620016806,1
8.26,0,0,0,1,0,0,3.0,0.0,700.0,230.0,0.01610987857754375,90.7964620016806,1
8.28,0,0,0,1,0,0,3.0,0.0,700.0,230.0,0.01610987857754375,90.7964620016806,1
8.3,0,0,0,1,0,0,3.0,0.0,700.0,230.0,0.01610987857754375,90.7964620016806,1
8.32,0,0,0,1,0,0,3.0,0.0,700.0,230.0,0.01610987857754375,90.7964620016806,1
8.34,0,0,0,1,0,0,3.0,0.0,700.0,230.0,0.01610987857754375,90.7964620016806,1
8.36,0,0,0,1,0,0,3.0,0.0,700.0,230.0,0.01610987857754375,90.7964620016806,1
8.38,0,0,0,1,0,0,3.0,0.0,700.0,230.0,0.01610987857754375,90.7964620016806,1
8.4,0,0,0,1,0,0,3.0,0.0,700.0,230.0,0.01610987857754375,90.7964620016806,1
8.42,0,0,0,1,0,0,3.0,0.0,700.0,230.0,0.01610987857754375,90.7964620016806,1
8.44,0,0,0,1,0,0,3.0,0.0,700.0,230.0,0.01610987857754375,90.7964620016806,1
8.46,0,0,0,1,0,0,3.0,0.0,700.0,230.0,0.01610987857754375,90.7964620016806,1
8.48,0,0,0,1,0,0,3.0,0.0,700.0,230.0,0.01610987857754375,90.7964620016806,1
8.5,0,0,0,1,0,0,3.0,0.0,700.0,230.0,0.01610987857754375,90.7964620016806,1
8.52,0,0,0,1,0,0,3.0,0.0,700.0,230.0,0.01610987857754375,90.7964620016806,1
8.54,0,0,0,1,0,0,3.0,0.0,700.0,230.0,0.01610987857754375,90.7964620016806,1
8.56,0,0,0,1,0,0,3.0,0.0,700.0,230.0,0.01610987857754375,90.7964620016806,1
8.58,0,0,0,1,0,0,3.0,0.0,700.0,230.0,0.01610987857754375,90.7964620016806,1
8.6,0,0,0,1,0,0,3.0,0.0,700.0,230.0,0.01610987857754375,90.7964620016806,1
8.62,0,0,0,1,0,0,3.0,0.0,700.0,230.0,0.01610987857754375,90.7964620016806,1
8.64,0,0,0,1,0,0,3.0,0.0,700.0,230.0,0.01610987857754375,90.7964620016806,1
8.66,0,0,0,1,0,0,3.0,0.0,700.0,230.0,0.01610987857754375,90.7964620016806,1
8.68,0,0,0,1,0,0,3.0,0.0,700.0,230.0,0.01610987857754375,90.7964620016806,1
8.7,0,0,0,1,0,0,3.0,0.0,700.0,230.0,0.01610987857754375,90.7964620016806,1
8.72,0,0,0,1,0,0,3.0,0.0,700.0,230.0,0.01610987857754375,90.7964620016806,1
8.74,0,0,0,1,0,0,3.0,0.0,700.0,230.0,0.01610987857754375,90.7964620016806,1
8.76,0,0,0,1,0,0,3.0,0.0,700.0,230.0,0.01610987857754375,90.7964620016806,1
8.78,0,0,0,1,0,0,3.0,0.0,700.0,230.0,0.01610987857754375,90.7964620016806,1
8.8,0,0,0,1,0,0,3.0,0.0,700.0,230.0,0.01610987857754375,90.7964620016806,1
8.82,0,0,0,1,0,0,3.0,0.0,700.0,230.0,0.01610987857754375,90.7964620016806,1
8.84,0,0,0,1,0,0,3.0,0.0,700.0,230.0,0.01610987857754375,90.7964620016806,1
8.86,0,0,0,1,0,0,3.0,0.0,700.0,230.0,0.01610987857754375,90.7964620016806,1
8.88,0,0,0,1,0,0,3.0,0.0,700.0,230.0,0.01610987857754375,90.7964620016806,1
8.9,0,0,0,1,0,0,3.0,0.0,700.0,230.0,0.01610987857754375,90.7964620016806,1
8.92,0,0,0,1,0,0,3.0,0.0,700.0,230.0,0.01610987857754375,90.7964620016806,1
8.94,0,0,0,1,0,0,3.0,0.0,700.0,230.0,0.01610987857754375,90.7964620016806,1
8.96,0,0,0,1,0,0,3.0,0.0,700.0,230.0,0.01610987857754375,90.7964620016806,1
8.98,0,0,0,1,0,0,3.0,0.0,700.0,230.0,0.01610987857754375,90.7964620016806,1
9.0,0,0,0,1,0,0,3.0,0.0,700.0,230.0,0.01610987857754375,90.7964620016806,1
9.02,0,0,0,1,0,0,3.0,0.0,700.0,230.0,0.01610987857754375,90.7964620016806,1
9.04,0,0,0,1,0,0,3.0,0.0,700.0,230.0,0.01610987857754375,90.7964620016806,1
9.06,0,0,0,1,0,0,3.0,0.0,700.0,230.0,0.01610987857754375,90.7964620016806,1
9.08,0,0,0,1,0,0,3.0,0.0,700.0,230.0,0.01610987857754375,90.7964620016806,1
9.1,0,0,0,1,0,0,3.0,0.0,700.0,230.0,0.01610987857754375,90.7964620016806,1
9.12,0,0,0,1,0,0,3.0,0.0,700.0,230.0,0.01610987857754375,90.7964620016806,1
9.14,0,0,0,1,0,0,3.0,0.0,700.0,230.0,0.01610987857754375,90.7964620016806,1
9.16,0,0,0,1,0,0,3.0,0.0,700.0,230.0,0.01610987857754375,90.7964620016806,1
9.18,0,0,0,1,0,0,3.0,0.0,700.0,230.0,0.01610987857754375,90.7964620016806,1
9.2,0,0,0,1,0,0,3.0,0.0,700.0,230.0,0.01610987857754375,90.7964620016806,1
9.22,0,0,0,1,0,0,3.0,0.0,700.0,230.0,0.01610987857754375,90.7964620016806,1
9.24,0,0,0,1,0,0,3.0,0.0,700.0,230.0,0.01610987857754375,90.7964620016806,1
9.26,0,0,0,1,0,0,3.0,0.0,700.0,230.0,0.01610987857754375,90.7964620016806,1
9.28,0,0,0,1,0,0,3.0,0.0,700.0,230.0,0.01610987857754375,90.7964620016806,1
9.3,0,0,0,1,0,0,3.0,0.0,700.0,230.0,0.01610987857754375,90.7964620016806,1
9.32,0,0,0,1,0,0,3.0,0.0,700.0,230.0,0.01610987857754375,90.7964620016806,1
9.34,0,0,0,1,0,0,3.0,0.0,700.0,230.0,0.01610987857754375,90.7964620016806,1
9.36,0,0,0,1,0,0,3.0,0.0,700.0,230.0,0.01610987857754375,90.7964620016806,1
9.38,0,0,0,1,0,0,3.0,0.0,700.0,230.0,0.01610987857754375,90.7964620016806,1
9.4,0,0,0,1,0,0,3.0,0.0,700.0,230.0,0.01610987857754375,90.7964620016806,1
9.42,0,0,0,1,0,0,3.0,0.0,700.0,230.0,0.01610987857754375,90.7964620016806,1
9.44,0,0,0,1,0,0,3.0,0.0,700.0,230.0,0.01610987857754375,90.7964620016806,1
9.46,0,0,0,1,0,0,3.0,0.0,700.0,230.0,0.01610987857754375,90.7964620016806,1
9.48,0,0,0,1,0,0,3.0,0.0,700.0,230.0,0.01610987857754375,90.7964620016806,1
9.5,0,0,0,1,0,0,3.0,0.0,700.0,230.0,0.01610987857754375,90.7964620016806,1
9.52,0,0,0,1,0,0,3.0,0.0,700.0,230.0,0.01610987857754375,90.7964620016806,1
9.54,0,0,0,1,0,0,3.0,0.0,700.0,230.0,0.01610987857754375,90.7964620016806,1
9.56,0,0,0,1,0,0,3.0,0.0,700.0,230.0,0.01610987857754375,90.7964620016806,1
9.58,0,0,0,1,0,0,3.0,0.0,700.0,230.0,0.01610987857754375,90.7964620016806,1
9.6,0,0,0,1,0,0,3.0,0.0,700.0,230.0,0.01610987857754375,90.7964620016806,1
9.62,0,0,0,1,0,0,3.0,0.0,700.0,230.0,0.01610987857754375,90.7964620016806,1
9.64,0,0,0,1,0,0,3.0,0.0,700.0,230.0,0.01610987857754375,90.7964620016806,1
9.66,0,0,0,1,0,0,3.0,0.0,700.0,230.0,0.01610987857754375,90.7964620016806,1
9.68,0,0,0,1,0,0,3.0,0.0,700.0,230.0,0.01610987857754375,90.7964620016806,1
9.7,0,0,0,1,0,0,3.0,0.0,700.0,230.0,0.01610987857754375,90.7964620016806,1
9.72,0,0,0,1,0,0,3.0,0.0,700.0,230.0,0.01610987857754375,90.7964620016806,1
9.74,0,0,0,1,0,0,3.0,0.0,700.0,230.0,0.01610987857754375,90.7964620016806,1
9.76,0,0,0,1,0,0,3.0,0.0,700.0,230.0,0.01610987857754375,90.7964620016806,1
9.78,0,0,0,1,0,0,3.0,0.0,700.0,230.0,0.01610987857754375,90.7964620016806,1
9.8,0,0,0,1,0,0,3.0,0.0,700.0,230.0,0.01610987857754375,90.7964620016806,1
9.82,0,0,0,1,0,0,3.0,0.0,700.0,230.0,0.01610987857754375,90.7964620016806,1
9.84,0,0,0,1,0,0,3.0,0.0,700.0,230.0,0.01610987857754375,90.7964620016806,1
9.86,0,0,0,1,0,0,3.0,0.0,700.0,230.0,0.01610987857754375,90.7964620016806,1
9.88,0,0,0,1,0,0,3.0,0.0,700.0,230.0,0.01610987857754375,90.7964620016806,1
9.9,0,0,0,1,0,0,3.0,0.0,700.0,230.0,0.01610987857754375,90.7964620016806,1
9.92,0,0,0,1,0,0,3.0,0.0,700.0,230.0,0.01610987857754375,90.7964620016806,1
9.94,0,0,0,1,0,0,3.0,0.0,700.0,230.0,0.01610987857754375,90.7964620016806,1
9.96,0,0,0,1,0,0,3.0,0.0,700.0,230.0,0.01610987857754375,90.7964620016806,1
9.98,0,0,0,1,0,0,3.0,0.0,700.0,230.0,0.01610987857754375,90.7964620016806,1
10.0,0,0,0,1,0,0,3.0,0.0,700.0,230.0,0.01610987857754375,90.7964620016806,1
10.02,0,0,0,1,0,0,3.0,0.0,700.0,230.0,0.01610987857754375,90.7964620016806,1
10.04,0,0,0,1,0,0,3.0,0.0,700.0,230.0,0.01610987857754375,90.7964620016806,1
10.06,0,0,0,1,0,0,3.0,0.0,700.0,230.0,0.01610987857754375,90.7964620016806,1
10.08,0,0,0,1,0,0,3.0,0.0,700.0,230.0,0.01610987857754375,90.7964620016806,1
10.1,0,0,0,1,0,0,3.0,0.0,700.0,230.0,0.01610987857754375,90.7964620016806,1
10.12,0,0,0,1,0,0,3.0,0.0,700.0,230.0,0.01610987857754375,90.7964620016806,1
10.14,0,0,0,1,0,0,3.0,0.0,700.0,230.0,0.01610987857754375,90.7964620016806,1
10.16,0,0,0,1,0,0,3.0,0.0,700.0,230.0,0.01610987857754375,90.7964620016806,1
10.18,0,0,0,1,0,0,3.0,0.0,700.0,230.0,0.01610987857754375,90.7964620016806,1
10.2,0,0,0,1,0,0,3.0,0.0,700.0,230.0,0.01610987857754375,90.7964620016806,1
10.22,0,0,0,1,0,0,3.0,0.0,700.0,230.0,0.01610987857754375,90.7964620016806,1
10.24,0,0,0,1,0,0,3.0,0.0,700.0,230.0,0.01610987857754375,90.7964620016806,1
10.26,0,0,0,1,0,0,3.0,0.0,700.0,230.0,0.01610987857754375,90.7964620016806,1
10.28,0,0,0,1,0,0,3.0,0.0,700.0,230.0,0.01610987857754375,90.7964620016806,1
10.3,0,0,0,1,0,0,3.0,0.0,700.0,230.0,0.01610987857754375,90.7964620016806,1
10.32,0,0,0,1,0,0,3.0,0.0,700.0,230.0,0.01610987857754375,90.7964620016806,1
10.34,0,0,0,1,0,0,3.0,0.0,700.0,230.0,0.01610987857754375,90.7964620016806,1
10.36,0,0,0,1,0,0,3.0,0.0,700.0,230.0,0.01610987857754375,90.7964620016806,1
10.38,0,0,0,1,0,0,3.0,0.0,700.0,230.0,0.01610987857754375,90.7964620016806,1
10.4,0,0,0,1,0,0,3.0,0.0,700.0,230.0,0.01610987857754375,90.7964620016806,1
10.42,0,0,0,1,0,0,3.0,0.0,700.0,230.0,0.01610987857754375,90.7964620016806,1
10.44,0,0,0,1,0,0,3.0,0.0,700.0,230.0,0.01610987857754375,90.7964620016806,1
10.46,0,0,0,1,0,0,3.0,0.0,700.0,230.0,0.01610987857754375,90.7964620016806,1
10.48,0,0,0,1,0,0,3.0,0.0,700.0,230.0,0.01610987857754375,90.7964620016806,1
10.5,0,0,0,1,0,0,3.0,0.0,700.0,230.0,0.01610987857754375,90.7964620016806,1
10.52,0,0,0,1,0,0,3.0,0.0,700.0,230.0,0.01610987857754375,90.7964620016806,1
10.54,0,0,0,1,0,0,3.0,0.0,700.0,230.0,0.01610987857754375,90.7964620016806,1
10.56,0,0,0,1,0,0,3.0,0.0,700.0,230.0,0.01610987857754375,90.7964620016806,1
10.58,0,0,0,1,0,0,3.0,0.0,700.0,230.0,0.01610987857754375,90.7964620016806,1
10.6,0,0,0,1,0,0,3.0,0.0,700.0,230.0,0.01610987857754375,90.7964620016806,1
10.62,0,0,0,1,0,0,3.0,0.0,700.0,230.0,0.01610987857754375,90.7964620016806,1
10.64,0,0,0,1,0,0,3.0,0.0,700.0,230.0,0.01610987857754375,90.7964620016806,1
10.66,0,0,0,1,0,0,3.0,0.0,700.0,230.0,0.01610987857754375,90.7964620016806,1
10.68,0,0,0,1,0,0,3.0,0.0,700.0,230.0,0.01610987857754375,90.7964620016806,1
10.7,0,0,0,1,0,0,3.0,0.0,700.0,230.0,0.01610987857754375,90.7964620016806,1
10.72,0,0,0,1,0,0,3.0,0.0,700.0,230.0,0.01610987857754375,90.7964620016806,1
10.74,0,0,0,1,0,0,3.0,0.0,700.0,230.0,0.01610987857754375,90.7964620016806,1
10.76,0,0,0,1,0,0,3.0,0.0,700.0,230.0,0.01610987857754375,90.7964620016806,1
10.78,0,0,0,1,0,0,3.0,0.0,700.0,230.0,0.01610987857754375,90.7964620016806,1
10.8,0,0,0,1,0,0,3.0,0.0,700.0,230.0,0.01610987857754375,90.7964620016806,1
10.82,0,0,0,1,0,0,3.0,0.0,700.0,230.0,0.01610987857754375,90.7964620016806,1
10.84,0,0,0,1,0,0,3.0,0.0,700.0,230.0,0.01610987857754375,90.7964620016806,1
10.86,0,0,0,1,0,0,3.0,0.0,700.0,230.0,0.01610987857754375,90.7964620016806,1
10.88,0,0,0,1,0,0,3.0,0.0,700.0,230.0,0.01610987857754375,90.7964620016806,1
10.9,0,0,0,1,0,0,3.0,0.0,700.0,230.0,0.01610987857754375,90.7964620016806,1
10.92,0,0,0,1,0,0,3.0,0.0,700.0,230.0,0.01610987857754375,90.7964620016806,1
10.94,0,0,0,1,0,0,3.0,0.0,700.0,230.0,0.01610987857754375,90.7964620016806,1
10.96,0,0,0,1,0,0,3.0,0.0,700.0,230.0,0.01610987857754375,90.7964620016806,1
10.98,0,0,0,1,0,0,3.0,0.0,700.0,230.0,0.01610987857754375,90.7964620016806,1
11.0,0,0,0,1,0,0,3.0,0.0,700.0,230.0,0.01610987857754375,90.7964620016806,1
11.02,0,0,0,1,0,0,3.0,0.0,700.0,230.0,0.01610987857754375,90.7964620016806,1
11.04,0,0,0,1,0,0,3.0,0.0,700.0,230.0,0.01610987857754375,90.7964620016806,1
11.06,0,0,0,1,0,0,3.0,0.0,700.0,230.0,0.01610987857754375,90.7964620016806,1
11.08,0,0,0,1,0,0,3.0,0.0,700.0,230.0,0.01610987857754375,90.7964620016806,1
11.1,0,0,0,1,0,0,3.0,0.0,700.0,230.0,0.01610987857754375,90.7964620016806,1
11.12,0,0,0,1,0,0,3.0,0.0,700.0,230.0,0.01610987857754375,90.7964620016806,1
11.14,0,0,0,1,0,0,3.0,0.0,700.0,230.0,0.01610987857754375,90.7964620016806,1
11.16,0,0,0,1,0,0,3.0,0.0,700.0,230.0,0.01610987857754375,90.7964620016806,1
11.18,0,0,0,1,0,0,3.0,0.0,700.0,230.0,0.01610987857754375,90.7964620016806,1
11.2,0,0,0,1,0,0,3.0,0.0,700.0,230.0,0.01610987857754375,90.7964620016806,1
11.22,0,0,0,1,0,0,3.0,0.0,700.0,230.0,0.01610987857754375,90.7964620016806,1
11.24,0,0,0,1,0,0,3.0,0.0,700.0,230.0,0.01610987857754375,90.7964620016806,1
11.26,0,0,0,1,0,0,3.0,0.0,700.0,230.0,0.01610987857754375,90.7964620016806,1
11.28,0,0,0,1,0,0,3.0,0.0,700.0,230.0,0.01610987857754375,90.7964620016806,1
11.3,0,0,0,1,0,0,3.0,0.0,700.0,230.0,0.01610987857754375,90.7964620016806,1
11.32,0,0,0,1,0,0,3.0,0.0,700.0,230.0,0.01610987857754375,90.7964620016806,1
11.34,0,0,0,1,0,0,3.0,0.0,700.0,230.0,0.01610987857754375,90.7964620016806,1
11.36,0,0,0,1,0,0,3.0,0.0,700.0,230.0,0.01610987857754375,90.7964620016806,1
11.38,0,0,0,1,0,0,3.0,0.0,700.0,230.0,0.01610987857754375,90.7964620016806,1
11.4,0,0,0,1,0,0,3.0,0.0,700.0,230.0,0.01610987857754375,90.7964620016806,1
11.42,0,0,0,1,0,0,3.0,0.0,700.0,230.0,0.01610987857754375,90.7964620016806,1
11.44,0,0,0,1,0,0,3.0,0.0,700.0,230.0,0.01610987857754375,90.7964620016806,1
11.46,0,0,0,1,0,0,3.0,0.0,700.0,230.0,0.01610987857754375,90.7964620016806,1
11.48,0,0,0,1,0,0,3.0,0.0,700.0,230.0,0.01610987857754375,90.7964620016806,1
11.5,0,0,0,1,0,0,3.0,0.0,700.0,230.0,0.01610987857754375,90.7964620016806,1
11.52,0,0,0,1,0,0,3.0,0.0,700.0,230.0,0.01610987857754375,90.7964620016806,1
11.54,0,0,0,1,0,0,3.0,0.0,700.0,230.0,0.01610987857754375,90.7964620016806,1
11.56,0,0,0,1,0,0,3.0,0.0,700.0,230.0,0.01610987857754375,90.7964620016806,1
11.58,0,0,0,1,0,0,3.0,0.0,700.0,230.0,0.01610987857754375,90.7964620016806,1
11.6,0,0,0,1,0,0,3.0,0.0,700.0,230.0,0.01610987857754375,90.7964620016806,1
11.62,0,0,0,1,0,0,3.0,0.0,700.0,230.0,0.01610987857754375,90.7964620016806,1
11.64,0,0,0,1,0,0,3.0,0.0,700.0,230.0,0.01610987857754375,90.7964620016806,1
11.66,0,0,0,1,0,0,3.0,0.0,700.0,230.0,0.01610987857754375,90.7964620016806,1
11.68,0,0,0,1,0,0,3.0,0.0,700.0,230.0,0.01610987857754375,90.7964620016806,1
11.7,0,0,0,1,0,0,3.0,0.0,700.0,230.0,0.01610987857754375,90.7964620016806,1
11.72,0,0,0,1,0,0,3.0,0.0,700.0,230.0,0.01610987857754375,90.7964620016806,1
11.74,0,0,0,1,0,0,3.0,0.0,700.0,230.0,0.01610987857754375,90.7964620016806,1
11.76,0,0,0,1,0,0,3.0,0.0,700.0,230.0,0.01610987857754375,90.7964620016806,1
11.78,0,0,0,1,0,0,3.0,0.0,700.0,230.0,0.01610987857754375,90.7964620016806,1
11.8,0,0,0,1,0,0,3.0,0.0,700.0,230.0,0.01610987857754375,90.7964620016806,1
11.82,0,0,0,1,0,0,3.0,0.0,700.0,230.0,0.01610987857754375,90.7964620016806,1
11.84,0,0,0,1,0,0,3.0,0.0,700.0,230.0,0.01610987857754375,90.7964620016806,1
11.86,0,0,0,1,0,0,3.0,0.0,700.0,230.0,0.01610987857754375,90.7964620016806,1
11.88,0,0,0,1,0,0,3.0,0.0,700.0,230.0,0.01610987857754375,90.7964620016806,1
11.9,0,0,0,1,0,0,3.0,0.0,700.0,230.0,0.01610987857754375,90.7964620016806,1
11.92,0,0,0,1,0,0,3.0,0.0,700.0,230.0,0.01610987857754375,90.7964620016806,1
11.94,0,0,0,1,0,0,3.0,0.0,700.0,230.0,0.01610987857754375,90.7964620016806,1
11.96,0,0,0,1,0,0,3.0,0.0,700.0,230.0,0.01610987857754375,90.7964620016806,1
11.98,0,0,0,1,0,0,3.0,0.0,700.0,230.0,0.01610987857754375,90.7964620016806,1
12.0,0,0,0,1,0,0,3.0,0.0,700.0,230.0,0.01610987857754375,90.7964620016806,1
12.02,0,0,0,1,0,0,3.0,0.0,700.0,230.0,0.01610987857754375,90.7964620016806,1
12.04,0,0,0,1,0,0,3.0,0.0,700.0,230.0,0.01610987857754375,90.7964620016806,1
12.06,0,0,0,1,0,0,3.0,0.0,700.0,230.0,0.01610987857754375,90.7964620016806,1
12.08,0,0,0,1,0,0,3.0,0.0,700.0,230.0,0.01610987857754375,90.7964620016806,1
12.1,0,0,0,1,0,0,3.0,0.0,700.0,230.0,0.01610987857754375,90.7964620016806,1
12.12,0,0,0,1,0,0,3.0,0.0,700.0,230.0,0.01610987857754375,90.7964620016806,1
12.14,0,0,0,1,0,0,3.0,0.0,700.0,230.0,0.01610987857754375,90.7964620016806,1
12.16,0,0,0,1,0,0,3.0,0.0,700.0,230.0,0.01610987857754375,90.7964620016806,1
12.18,0,0,0,1,0,0,3.0,0.0,700.0,230.0,0.01610987857754375,90.7964620016806,1
12.2,0,0,0,1,0,0,3.0,0.0,700.0,230.0,0.01610987857754375,90.7964620016806,1
12.22,0,0,0,1,0,0,3.0,0.0,700.0,230.0,0.01610987857754375,90.7964620016806,1
12.24,0,0,0,1,0,0,3.0,0.0,700.0,230.0,0.01610987857754375,90.7964620016806,1
12.26,0,0,0,1,0,0,3.0,0.0,700.0,230.0,0.01610987857754375,90.7964620016806,1
12.28,0,0,0,1,0,0,3.0,0.0,700.0,230.0,0.01610987857754375,90.7964620016806,1
12.3,0,0,0,1,0,0,3.0,0.0,700.0,230.0,0.01610987857754375,90.7964620016806,1
12.32,0,0,0,1,0,0,3.0,0.0,700.0,230.0,0.01610987857754375,90.7964620016806,1
12.34,0,0,0,1,0,0,3.0,0.0,700.0,230.0,0.01610987857754375,90.7964620016806,1
12.36,0,0,0,1,0,0,3.0,0.0,700.0,230.0,0.01610987857754375,90.7964620016806,1
12.38,0,0,0,1,0,0,3.0,0.0,700.0,230.0,0.01610987857754375,90.7964620016806,1
12.4,0,0,0,1,0,0,3.0,0.0,700.0,230.0,0.01610987857754375,90.7964620016806,1
12.42,0,0,0,1,0,0,3.0,0.0,700.0,230.0,0.01610987857754375,90.7964620016806,1
12.44,0,0,0,1,0,0,3.0,0.0,700.0,230.0,0.01610987857754375,90.7964620016806,1
12.46,0,0,0,1,0,0,3.0,0.0,700.0,230.0,0.01610987857754375,90.7964620016806,1
12.48,0,0,0,1,0,0,3.0,0.0,700.0,230.0,0.01610987857754375,90.7964620016806,1
12.5,0,0,0,1,0,0,3.0,0.0,700.0,230.0,0.01610987857754375,90.7964620016806,1
12.52,0,0,0,1,0,0,3.0,0.0,700.0,230.0,0.01610987857754375,90.7964620016806,1
12.54,0,0,0,1,0,0,3.0,0.0,700.0,230.0,0.01610987857754375,90.7964620016806,1
12.56,0,0,0,1,0,0,3.0,0.0,700.0,230.0,0.01610987857754375,90.7964620016806,1
12.58,0,0,0,1,0,0,3.0,0.0,700.0,230.0,0.01610987857754375,90.7964620016806,1
12.6,0,0,0,1,0,0,3.0,0.0,700.0,230.0,0.01610987857754375,90.7964620016806,1
12.62,0,0,0,1,0,0,3.0,0.0,700.0,230.0,0.01610987857754375,90.7964620016806,1
12.64,0,0,0,1,0,0,3.0,0.0,700.0,230.0,0.01610987857754375,90.7964620016806,1
12.66,0,0,0,1,0,0,3.0,0.0,700.0,230.0,0.01610987857754375,90.7964620016806,1
12.68,0,0,0,1,0,0,3.0,0.0,700.0,230.0,0.01610987857754375,90.7964620016806,1
12.7,0,0,0,1,0,0,3.0,0.0,700.0,230.0,0.01610987857754375,90.7964620016806,1
12.72,0,0,0,1,0,0,3.0,0.0,700.0,230.0,0.01610987857754375,90.7964620016806,1
12.74,0,0,0,1,0,0,3.0,0.0,700.0,230.0,0.01610987857754375,90.7964620016806,1
12.76,0,0,0,1,0,0,3.0,0.0,700.0,230.0,0.01610987857754375,90.7964620016806,1
12.78,0,0,0,1,0,0,3.0,0.0,700.0,230.0,0.01610987857754375,90.7964620016806,1
12.8,0,0,0,1,0,0,3.0,0.0,700.0,230.0,0.01610987857754375,90.7964620016806,1
12.82,0,0,0,1,0,0,3.0,0.0,700.0,230.0,0.01610987857754375,90.7964620016806,1
12.84,0,0,0,1,0,0,3.0,0.0,700.0,230.0,0.01610987857754375,90.7964620016806,1
12.86,0,0,0,1,0,0,3.0,0.0,700.0,230.0,0.01610987857754375,90.7964620016806,1
12.88,0,0,0,1,0,0,3.0,0.0,700.0,230.0,0.01610987857754375,90.7964620016806,1
12.9,0,0,0,1,0,0,3.0,0.0,700.0,230.0,0.01610987857754375,90.7964620016806,1
12.92,0,0,0,1,0,0,3.0,0.0,700.0,230.0,0.01610987857754375,90.7964620016806,1
12.94,0,0,0,1,0,0,3.0,0.0,700.0,230.0,0.01610987857754375,90.7964620016806,1
12.96,0,0,0,1,0,0,3.0,0.0,700.0,230.0,0.01610987857754375,90.7964620016806,1
12.98,0,0,0,1,0,0,3.0,0.0,700.0,230.0,0.01610987857754375,90.7964620016806,1
13.0,0,0,0,1,0,0,3.0,0.0,700.0,230.0,0.01610987857754375,90.7964620016806,1
13.02,0,0,0,1,0,0,3.0,0.0,700.0,230.0,0.01610987857754375,90.7964620016806,1
13.04,0,0,0,1,0,0,3.0,0.0,700.0,230.0,0.01610987857754375,90.7964620016806,1
13.06,0,0,0,1,0,0,3.0,0.0,700.0,230.0,0.01610987857754375,90.7964620016806,1
13.08,0,0,0,1,0,0,3.0,0.0,700.0,230.0,0.01610987857754375,90.7964620016806,1
13.1,0,0,0,1,0,0,3.0,0.0,700.0,230.0,0.01610987857754375,90.7964620016806,1
13.12,0,0,0,1,0,0,3.0,0.0,700.0,230.0,0.01610987857754375,90.7964620016806,1
13.14,0,0,0,1,0,0,3.0,0.0,700.0,230.0,0.01610987857754375,90.7964620016806,1
13.16,0,0,0,1,0,0,3.0,0.0,700.0,230.0,0.01610987857754375,90.7964620016806,1
13.18,0,0,0,1,0,0,3.0,0.0,700.0,230.0,0.01610987857754375,90.7964620016806,1
13.2,0,0,0,1,0,0,3.0,0.0,700.0,230.0,0.01610987857754375,90.7964620016806,1
13.22,0,0,0,1,0,0,3.0,0.0,700.0,230.0,0.01610987857754375,90.7964620016806,1
13.24,0,0,0,1,0,0,3.0,0.0,700.0,230.0,0.01610987857754375,90.7964620016806,1
13.26,0,0,0,1,0,0,3.0,0.0,700.0,230.0,0.01610987857754375,90.7964620016806,1
13.28,0,0,0,1,0,0,3.0,0.0,700.0,230.0,0.01610987857754375,90.7964620016806,1
13.3,0,0,0,1,0,0,3.0,0.0,700.0,230.0,0.01610987857754375,90.7964620016806,1
13.32,0,0,0,1,0,0,3.0,0.0,700.0,230.0,0.01610987857754375,90.7964620016806,1
13.34,0,0,0,1,0,0,3.0,0.0,700.0,230.0,0.01610987857754375,90.7964620016806,1
13.36,0,0,0,1,0,0,3.0,0.0,700.0,230.0,0.01610987857754375,90.7964620016806,1
13.38,0,0,0,1,0,0,3.0,0.0,700.0,230.0,0.01610987857754375,90.7964620016806,1
13.4,0,0,0,1,0,0,3.0,0.0,700.0,230.0,0.01610987857754375,90.7964620016806,1
13.42,0,0,0,1,0,0,3.0,0.0,700.0,230.0,0.01610987857754375,90.7964620016806,1
13.44,0,0,0,1,0,0,3.0,0.0,700.0,230.0,0.01610987857754375,90.7964620016806,1
13.46,0,0,0,1,0,0,3.0,0.0,700.0,230.0,0.01610987857754375,90.7964620016806,1
13.48,0,0,0,1,0,0,3.0,0.0,700.0,230.0,0.01610987857754375,90.7964620016806,1
13.5,0,0,0,1,0,0,3.0,0.0,700.0,230.0,0.01610987857754375,90.7964620016806,1
13.52,0,0,0,1,0,0,3.0,0.0,700.0,230.0,0.01610987857754375,90.7964620016806,1
13.54,0,0,0,1,0,0,3.0,0.0,700.0,230.0,0.01610987857754375,90.7964620016806,1
13.56,0,0,0,1,0,0,3.0,0.0,700.0,230.0,0.01610987857754375,90.7964620016806,1
13.58,0,0,0,1,0,0,3.0,0.0,700.0,230.0,0.01610987857754375,90.7964620016806,1
13.6,0,0,0,1,0,0,3.0,0.0,700.0,230.0,0.01610987857754375,90.7964620016806,1
13.62,0,0,0,1,0,0,3.0,0.0,700.0,230.0,0.01610987857754375,90.7964620016806,1
13.64,0,0,0,1,0,0,3.0,0.0,700.0,230.0,0.01610987857754375,90.7964620016806,1
13.66,0,0,0,1,0,0,3.0,0.0,700.0,230.0,0.01610987857754375,90.7964620016806,1
13.68,0,0,0,1,0,0,3.0,0.0,700.0,230.0,0.01610987857754375,90.7964620016806,1
13.7,0,0,0,1,0,0,3.0,0.0,700.0,230.0,0.01610987857754375,90.7964620016806,1
13.72,0,0,0,1,0,0,3.0,0.0,700.0,230.0,0.01610987857754375,90.7964620016806,1
13.74,0,0,0,1,0,0,3.0,0.0,700.0,230.0,0.01610987857754375,90.7964620016806,1
13.76,0,0,0,1,0,0,3.0,0.0,700.0,230.0,0.01610987857754375,90.7964620016806,1
13.78,0,0,0,1,0,0,3.0,0.0,700.0,230.0,0.01610987857754375,90.7964620016806,1
13.8,0,0,0,1,0,0,3.0,0.0,700.0,230.0,0.01610987857754375,90.7964620016806,1
13.82,0,0,0,1,0,0,3.0,0.0,700.0,230.0,0.01610987857754375,90.7964620016806,1
13.84,0,0,0,1,0,0,3.0,0.0,700.0,230.0,0.01610987857754375,90.7964620016806,1
13.86,0,0,0,1,0,0,3.0,0.0,700.0,230.0,0.01610987857754375,90.7964620016806,1
13.88,0,0,0,1,0,0,3.0,0.0,700.0,230.0,0.01610987857754375,90.7964620016806,1
13.9,0,0,0,1,0,0,3.0,0.0,700.0,230.0,0.01610987857754375,90.7964620016806,1
13.92,0,0,0,1,0,0,3.0,0.0,700.0,230.0,0.01610987857754375,90.7964620016806,1
13.94,0,0,0,1,0,0,3.0,0.0,700.0,230.0,0.01610987857754375,90.7964620016806,1
13.96,0,0,0,1,0,0,3.0,0.0,700.0,230.0,0.01610987857754375,90.7964620016806,1
13.98,0,0,0,1,0,0,3.0,0.0,700.0,230.0,0.01610987857754375,90.7964620016806,1
14.0,0,0,0,1,0,0,3.0,0.0,700.0,230.0,0.01610987857754375,90.7964620016806,1
14.02,0,0,0,1,0,0,3.0,0.0,700.0,230.0,0.01610987857754375,90.7964620016806,1
14.04,0,0,0,1,0,0,3.0,0.0,700.0,230.0,0.01610987857754375,90.7964620016806,1
14.06,0,0,0,1,0,0,3.0,0.0,700.0,230.0,0.01610987857754375,90.7964620016806,1
14.08,0,0,0,1,0,0,3.0,0.0,700.0,230.0,0.01610987857754375,90.7964620016806,1
14.1,0,0,0,1,0,0,3.0,0.0,700.0,230.0,0.01610987857754375,90.7964620016806,1
14.12,0,0,0,1,0,0,3.0,0.0,700.0,230.0,0.01610987857754375,90.7964620016806,1
14.14,0,0,0,1,0,0,3.0,0.0,700.0,230.0,0.01610987857754375,90.7964620016806,1
14.16,0,0,0,1,0,0,3.0,0.0,700.0,230.0,0.01610987857754375,90.7964620016806,1
14.18,0,0,0,1,0,0,3.0,0.0,700.0,230.0,0.01610987857754375,90.7964620016806,1
14.2,0,0,0,1,0,0,3.0,0.0,700.0,230.0,0.01610987857754375,90.7964620016806,1
14.22,0,0,0,1,0,0,3.0,0.0,700.0,230.0,0.01610987857754375,90.7964620016806,1
14.24,0,0,0,1,0,0,3.0,0.0,700.0,230.0,0.01610987857754375,90.7964620016806,1
14.26,0,0,0,1,0,0,3.0,0.0,700.0,230.0,0.01610987857754375,90.7964620016806,1
14.28,0,0,0,1,0,0,3.0,0.0,700.0,230.0,0.01610987857754375,90.7964620016806,1
14.3,0,0,0,1,0,0,3.0,0.0,700.0,230.0,0.01610987857754375,90.7964620016806,1
14.32,0,0,0,1,0,0,3.0,0.0,700.0,230.0,0.01610987857754375,90.7964620016806,1
14.34,0,0,0,1,0,0,3.0,0.0,700.0,230.0,0.01610987857754375,90.7964620016806,1
14.36,0,0,0,1,0,0,3.0,0.0,700.0,230.0,0.01610987857754375,90.7964620016806,1
14.38,0,0,0,1,0,0,3.0,0.0,700.0,230.0,0.01610987857754375,90.7964620016806,1
14.4,0,0,0,1,0,0,3.0,0.0,700.0,230.0,0.01610987857754375,90.7964620016806,1
14.42,0,0,0,1,0,0,3.0,0.0,700.0,230.0,0.01610987857754375,90.7964620016806,1
14.44,0,0,0,1,0,0,3.0,0.0,700.0,230.0,0.01610987857754375,90.7964620016806,1
14.46,0,0,0,1,0,0,3.0,0.0,700.0,230.0,0.01610987857754375,90.7964620016806,1
14.48,0,0,0,1,0,0,3.0,0.0,700.0,230.0,0.01610987857754375,90.7964620016806,1
14.5,0,0,0,1,0,0,3.0,0.0,700.0,230.0,0.01610987857754375,90.7964620016806,1
14.52,0,0,0,1,0,0,3.0,0.0,700.0,230.0,0.01610987857754375,90.7964620016806,1
14.54,0,0,0,1,0,0,3.0,0.0,700.0,230.0,0.01610987857754375,90.7964620016806,1
14.56,0,0,0,1,0,0,3.0,0.0,700.0,230.0,0.01610987857754375,90.7964620016806,1
14.58,0,0,0,1,0,0,3.0,0.0,700.0,230.0,0.01610987857754375,90.7964620016806,1
14.6,0,0,0,1,0,0,3.0,0.0,700.0,230.0,0.01610987857754375,90.7964620016806,1
14.62,0,0,0,1,0,0,3.0,0.0,700.0,230.0,0.01610987857754375,90.7964620016806,1
14.64,0,0,0,1,0,0,3.0,0.0,700.0,230.0,0.01610987857754375,90.7964620016806,1
14.66,0,0,0,1,0,0,3.0,0.0,700.0,230.0,0.01610987857754375,90.7964620016806,1
14.68,0,0,0,1,0,0,3.0,0.0,700.0,230.0,0.01610987857754375,90.7964620016806,1
14.7,0,0,0,1,0,0,3.0,0.0,700.0,230.0,0.01610987857754375,90.7964620016806,1
14.72,0,0,0,1,0,0,3.0,0.0,700.0,230.0,0.01610987857754375,90.7964620016806,1
14.74,0,0,0,1,0,0,3.0,0.0,700.0,230.0,0.01610987857754375,90.7964620016806,1
14.76,0,0,0,1,0,0,3.0,0.0,700.0,230.0,0.01610987857754375,90.7964620016806,1
14.78,0,0,0,1,0,0,3.0,0.0,700.0,230.0,0.01610987857754375,90.7964620016806,1
14.8,0,0,0,1,0,0,3.0,0.0,700.0,230.0,0.01610987857754375,90.7964620016806,1
14.82,0,0,0,1,0,0,3.0,0.0,700.0,230.0,0.01610987857754375,90.7964620016806,1
14.84,0,0,0,1,0,0,3.0,0.0,700.0,230.0,0.01610987857754375,90.7964620016806,1
14.86,0,0,0,1,0,0,3.0,0.0,700.0,230.0,0.01610987857754375,90.7964620016806,1
14.88,0,0,0,1,0,0,3.0,0.0,700.0,230.0,0.01610987857754375,90.7964620016806,1
14.9,0,0,0,1,0,0,3.0,0.0,700.0,230.0,0.01610987857754375,90.7964620016806,1
14.92,0,0,0,1,0,0,3.0,0.0,700.0,230.0,0.01610987857754375,90.7964620016806,1
14.94,0,0,0,1,0,0,3.0,0.0,700.0,230.0,0.01610987857754375,90.7964620016806,1
14.96,0,0,0,1,0,0,3.0,0.0,700.0,230.0,0.01610987857754375,90.7964620016806,1
14.98,0,0,0,1,0,0,3.0,0.0,700.0,230.0,0.01610987857754375,90.7964620016806,1
15.0,0,0,0,1,0,0,3.0,0.0,700.0,230.0,0.01610987857754375,90.7964620016806,1
15.02,0,0,0,1,0,0,3.0,0.0,700.0,230.0,0.01610987857754375,90.7964620016806,1
15.04,0,0,0,1,0,0,3.0,0.0,700.0,230.0,0.01610987857754375,90.7964620016806,1
15.06,0,0,0,1,0,0,3.0,0.0,700.0,230.0,0.01610987857754375,90.7964620016806,1
15.08,0,0,0,1,0,0,3.0,0.0,700.0,230.0,0.01610987857754375,90.7964620016806,1
15.1,0,0,0,1,0,0,3.0,0.0,700.0,230.0,0.01610987857754375,90.7964620016806,1
15.12,0,0,0,1,0,0,3.0,0.0,700.0,230.0,0.01610987857754375,90.7964620016806,1
15.14,0,0,0,1,0,0,3.0,0.0,700.0,230.0,0.01610987857754375,90.7964620016806,1
15.16,0,0,0,1,0,0,3.0,0.0,700.0,230.0,0.01610987857754375,90.7964620016806,1
15.18,0,0,0,1,0,0,3.0,0.0,700.0,230.0,0.01610987857754375,90.7964620016806,1
15.2,0,0,0,1,0,0,3.0,0.0,700.0,230.0,0.01610987857754375,90.7964620016806,1
15.22,0,0,0,1,0,0,3.0,0.0,700.0,230.0,0.01610987857754375,90.7964620016806,1
15.24,0,0,0,1,0,0,3.0,0.0,700.0,230.0,0.01610987857754375,90.7964620016806,1
15.26,0,0,0,1,0,0,3.0,0.0,700.0,230.0,0.01610987857754375,90.7964620016806,1
15.28,0,0,0,1,0,0,3.0,0.0,700.0,230.0,0.01610987857754375,90.7964620016806,1
15.3,0,0,0,1,0,0,3.0,0.0,700.0,230.0,0.01610987857754375,90.7964620016806,1
15.32,0,0,0,1,0,0,3.0,0.0,700.0,230.0,0.01610987857754375,90.7964620016806,1
15.34,0,0,0,1,0,0,3.0,0.0,700.0,230.0,0.01610987857754375,90.7964620016806,1
15.36,0,0,0,1,0,0,3.0,0.0,700.0,230.0,0.01610987857754375,90.7964620016806,1
15.38,0,0,0,1,0,0,3.0,0.0,700.0,230.0,0.01610987857754375,90.7964620016806,1
15.4,0,0,0,1,0,0,3.0,0.0,700.0,230.0,0.01610987857754375,90.7964620016806,1
15.42,0,0,0,1,0,0,3.0,0.0,700.0,230.0,0.01610987857754375,90.7964620016806,1
15.44,0,0,0,1,0,0,3.0,0.0,700.0,230.0,0.01610987857754375,90.7964620016806,1
15.46,0,0,0,1,0,0,3.0,0.0,700.0,230.0,0.01610987857754375,90.7964620016806,1
15.48,0,0,0,1,0,0,3.0,0.0,700.0,230.0,0.01610987857754375,90.7964620016806,1
15.5,0,0,0,1,0,0,3.0,0.0,700.0,230.0,0.01610987857754375,90.7964620016806,1
15.52,0,0,0,1,0,0,3.0,0.0,700.0,230.0,0.01610987857754375,90.7964620016806,1
15.54,0,0,0,1,0,0,3.0,0.0,700.0,230.0,0.01610987857754375,90.7964620016806,1
15.56,0,0,0,1,0,0,3.0,0.0,700.0,230.0,0.01610987857754375,90.7964620016806,1
15.58,0,0,0,1,0,0,3.0,0.0,700.0,230.0,0.01610987857754375,90.7964620016806,1
15.6,0,0,0,1,0,0,3.0,0.0,700.0,230.0,0.01610987857754375,90.7964620016806,1
15.62,0,0,0,1,0,0,3.0,0.0,700.0,230.0,0.01610987857754375,90.7964620016806,1
15.64,0,0,0,1,0,0,3.0,0.0,700.0,230.0,0.01610987857754375,90.7964620016806,1
15.66,0,0,0,1,0,0,3.0,0.0,700.0,230.0,0.01610987857754375,90.7964620016806,1
15.68,0,0,0,1,0,0,3.0,0.0,700.0,230.0,0.01610987857754375,90.7964620016806,1
15.7,0,0,0,1,0,0,3.0,0.0,700.0,230.0,0.01610987857754375,90.7964620016806,1
15.72,0,0,0,1,0,0,3.0,0.0,700.0,230.0,0.01610987857754375,90.7964620016806,1
15.74,0,0,0,1,0,0,3.0,0.0,700.0,230.0,0.01610987857754375,90.7964620016806,1
15.76,0,0,0,1,0,0,3.0,0.0,700.0,230.0,0.01610987857754375,90.7964620016806,1
15.78,0,0,0,1,0,0,3.0,0.0,700.0,230.0,0.01610987857754375,90.7964620016806,1
15.8,0,0,0,1,0,0,3.0,0.0,700.0,230.0,0.01610987857754375,90.7964620016806,1
15.82,0,0,0,1,0,0,3.0,0.0,700.0,230.0,0.01610987857754375,90.7964620016806,1
15.84,0,0,0,1,0,0,3.0,0.0,700.0,230.0,0.01610987857754375,90.7964620016806,1
15.86,0,0,0,1,0,0,3.0,0.0,700.0,230.0,0.01610987857754375,90.7964620016806,1
15.88,0,0,0,1,0,0,3.0,0.0,700.0,230.0,0.01610987857754375,90.7964620016806,1
15.9,0,0,0,1,0,0,3.0,0.0,700.0,230.0,0.01610987857754375,90.7964620016806,1
15.92,0,0,0,1,0,0,3.0,0.0,700.0,230.0,0.01610987857754375,90.7964620016806,1
15.94,0,0,0,1,0,0,3.0,0.0,700.0,230.0,0.01610987857754375,90.7964620016806,1
15.96,0,0,0,1,0,0,3.0,0.0,700.0,230.0,0.01610987857754375,90.7964620016806,1
15.98,0,0,0,1,0,0,3.0,0.0,700.0,230.0,0.01610987857754375,90.7964620016806,1
16.0,0,0,0,1,0,0,3.0,0.0,700.0,230.0,0.01610987857754375,90.7964620016806,1
16.02,0,0,0,1,0,0,3.0,0.0,700.0,230.0,0.01610987857754375,90.7964620016806,1
16.04,0,0,0,1,0,0,3.0,0.0,700.0,230.0,0.01610987857754375,90.7964620016806,1
16.06,0,0,0,1,0,0,3.0,0.0,700.0,230.0,0.01610987857754375,90.7964620016806,1
16.08,0,0,0,1,0,0,3.0,0.0,700.0,230.0,0.01610987857754375,90.7964620016806,1
16.1,0,0,0,1,0,0,3.0,0.0,700.0,230.0,0.01610987857754375,90.7964620016806,1
16.12,0,0,0,1,0,0,3.0,0.0,700.0,230.0,0.01610987857754375,90.7964620016806,1
16.14,0,0,0,1,0,0,3.0,0.0,700.0,230.0,0.01610987857754375,90.7964620016806,1
16.16,0,0,0,1,0,0,3.0,0.0,700.0,230.0,0.01610987857754375,90.7964620016806,1
16.18,0,0,0,1,0,0,3.0,0.0,700.0,230.0,0.01610987857754375,90.7964620016806,1
16.2,0,0,0,1,0,0,3.0,0.0,700.0,230.0,0.01610987857754375,90.7964620016806,1
16.22,0,0,0,1,0,0,3.0,0.0,700.0,230.0,0.01610987857754375,90.7964620016806,1
16.24,0,0,0,1,0,0,3.0,0.0,700.0,230.0,0.01610987857754375,90.7964620016806,1
16.26,0,0,0,1,0,0,3.0,0.0,700.0,230.0,0.01610987857754375,90.7964620016806,1
16.28,0,0,0,1,0,0,3.0,0.0,700.0,230.0,0.01610987857754375,90.7964620016806,1
16.3,0,0,0,1,0,0,3.0,0.0,700.0,230.0,0.01610987857754375,90.7964620016806,1
16.32,0,0,0,1,0,0,3.0,0.0,700.0,230.0,0.01610987857754375,90.7964620016806,1
16.34,0,0,0,1,0,0,3.0,0.0,700.0,230.0,0.01610987857754375,90.7964620016806,1
16.36,0,0,0,1,0,0,3.0,0.0,700.0,230.0,0.01610987857754375,90.7964620016806,1
16.38,0,0,0,1,0,0,3.0,0.0,700.0,230.0,0.01610987857754375,90.7964620016806,1
16.4,0,0,0,1,0,0,3.0,0.0,700.0,230.0,0.01610987857754375,90.7964620016806,1
16.42,0,0,0,1,0,0,3.0,0.0,700.0,230.0,0.01610987857754375,90.7964620016806,1
16.44,0,0,0,1,0,0,3.0,0.0,700.0,230.0,0.01610987857754375,90.7964620016806,1
16.46,0,0,0,1,0,0,3.0,0.0,700.0,230.0,0.01610987857754375,90.7964620016806,1
16.48,0,0,0,1,0,0,3.0,0.0,700.0,230.0,0.01610987857754375,90.7964620016806,1
16.5,0,0,0,1,0,0,3.0,0.0,700.0,230.0,0.01610987857754375,90.7964620016806,1
16.52,0,0,0,1,0,0,3.0,0.0,700.0,230.0,0.01610987857754375,90.7964620016806,1
16.54,0,0,0,1,0,0,3.0,0.0,700.0,230.0,0.01610987857754375,90.7964620016806,1
16.56,0,0,0,1,0,0,3.0,0.0,700.0,230.0,0.01610987857754375,90.7964620016806,1
16.58,0,0,0,1,0,0,3.0,0.0,700.0,230.0,0.01610987857754375,90.7964620016806,1
16.6,0,0,0,1,0,0,3.0,0.0,700.0,230.0,0.01610987857754375,90.7964620016806,1
16.62,0,0,0,1,0,0,3.0,0.0,700.0,230.0,0.01610987857754375,90.7964620016806,1
16.64,0,0,0,1,0,0,3.0,0.0,700.0,230.0,0.01610987857754375,90.7964620016806,1
16.66,0,0,0,1,0,0,3.0,0.0,700.0,230.0,0.01610987857754375,90.7964620016806,1
16.68,0,0,0,1,0,0,3.0,0.0,700.0,230.0,0.01610987857754375,90.7964620016806,1
16.7,0,0,0,1,0,0,3.0,0.0,700.0,230.0,0.01610987857754375,90.7964620016806,1
16.72,0,0,0,1,0,0,3.0,0.0,700.0,230.0,0.01610987857754375,90.7964620016806,1
16.74,0,0,0,1,0,0,3.0,0.0,700.0,230.0,0.01610987857754375,90.7964620016806,1
16.76,0,0,0,1,0,0,3.0,0.0,700.0,230.0,0.01610987857754375,90.7964620016806,1
16.78,0,0,0,1,0,0,3.0,0.0,700.0,230.0,0.01610987857754375,90.7964620016806,1
16.8,0,0,0,1,0,0,3.0,0.0,700.0,230.0,0.01610987857754375,90.7964620016806,1
16.82,0,0,0,1,0,0,3.0,0.0,700.0,230.0,0.01610987857754375,90.7964620016806,1
16.84,0,0,0,1,0,0,3.0,0.0,700.0,230.0,0.01610987857754375,90.7964620016806,1
16.86,0,0,0,1,0,0,3.0,0.0,700.0,230.0,0.01610987857754375,90.7964620016806,1
16.88,0,0,0,1,0,0,3.0,0.0,700.0,230.0,0.01610987857754375,90.7964620016806,1
16.9,0,0,0,1,0,0,3.0,0.0,700.0,230.0,0.01610987857754375,90.7964620016806,1
16.92,0,0,0,1,0,0,3.0,0.0,700.0,230.0,0.01610987857754375,90.7964620016806,1
16.94,0,0,0,1,0,0,3.0,0.0,700.0,230.0,0.01610987857754375,90.7964620016806,1
16.96,0,0,0,1,0,0,3.0,0.0,700.0,230.0,0.01610987857754375,90.7964620016806,1
16.98,0,0,0,1,0,0,3.0,0.0,700.0,230.0,0.01610987857754375,90.7964620016806,1
17.0,0,0,0,1,0,0,3.0,0.0,700.0,230.0,0.01610987857754375,90.7964620016806,1
17.02,0,0,0,1,0,0,3.0,0.0,700.0,230.0,0.01610987857754375,90.7964620016806,1
17.04,0,0,0,1,0,0,3.0,0.0,700.0,230.0,0.01610987857754375,90.7964620016806,1
17.06,0,0,0,1,0,0,3.0,0.0,700.0,230.0,0.01610987857754375,90.7964620016806,1
17.08,0,0,0,1,0,0,3.0,0.0,700.0,230.0,0.01610987857754375,90.7964620016806,1
17.1,0,0,0,1,0,0,3.0,0.0,700.0,230.0,0.01610987857754375,90.7964620016806,1
17.12,0,0,0,1,0,0,3.0,0.0,700.0,230.0,0.01610987857754375,90.7964620016806,1
17.14,0,0,0,1,0,0,3.0,0.0,700.0,230.0,0.01610987857754375,90.7964620016806,1
17.16,0,0,0,1,0,0,3.0,0.0,700.0,230.0,0.01610987857754375,90.7964620016806,1
17.18,0,0,0,1,0,0,3.0,0.0,700.0,230.0,0.01610987857754375,90.7964620016806,1
17.2,0,0,0,1,0,0,3.0,0.0,700.0,230.0,0.01610987857754375,90.7964620016806,1
17.22,0,0,0,1,0,0,3.0,0.0,700.0,230.0,0.01610987857754375,90.7964620016806,1
17.24,0,0,0,1,0,0,3.0,0.0,700.0,230.0,0.01610987857754375,90.7964620016806,1
17.26,0,0,0,1,0,0,3.0,0.0,700.0,230.0,0.01610987857754375,90.7964620016806,1
17.28,0,0,0,1,0,0,3.0,0.0,700.0,230.0,0.01610987857754375,90.7964620016806,1
17.3,0,0,0,1,0,0,3.0,0.0,700.0,230.0,0.01610987857754375,90.7964620016806,1
17.32,0,0,0,1,0,0,3.0,0.0,700.0,230.0,0.01610987857754375,90.7964620016806,1
17.34,0,0,0,1,0,0,3.0,0.0,700.0,230.0,0.01610987857754375,90.7964620016806,1
17.36,0,0,0,1,0,0,3.0,0.0,700.0,230.0,0.01610987857754375,90.7964620016806,1
17.38,0,0,0,1,0,0,3.0,0.0,700.0,230.0,0.01610987857754375,90.7964620016806,1
17.4,0,0,0,1,0,0,3.0,0.0,700.0,230.0,0.01610987857754375,90.7964620016806,1
17.42,0,0,0,1,0,0,3.0,0.0,700.0,230.0,0.01610987857754375,90.7964620016806,1
17.44,0,0,0,1,0,0,3.0,0.0,700.0,230.0,0.01610987857754375,90.7964620016806,1
17.46,0,0,0,1,0,0,3.0,0.0,700.0,230.0,0.01610987857754375,90.7964620016806,1
17.48,0,0,0,1,0,0,3.0,0.0,700.0,230.0,0.01610987857754375,90.7964620016806,1
17.5,0,0,0,1,0,0,3.0,0.0,700.0,230.0,0.01610987857754375,90.7964620016806,1
17.52,0,0,0,1,0,0,3.0,0.0,700.0,230.0,0.01610987857754375,90.7964620016806,1
17.54,0,0,0,1,0,0,3.0,0.0,700.0,230.0,0.01610987857754375,90.7964620016806,1
17.56,0,0,0,1,0,0,3.0,0.0,700.0,230.0,0.01610987857754375,90.7964620016806,1
17.58,0,0,0,1,0,0,3.0,0.0,700.0,230.0,0.01610987857754375,90.7964620016806,1
17.6,0,0,0,1,0,0,3.0,0.0,700.0,230.0,0.01610987857754375,90.7964620016806,1
17.62,0,0,0,1,0,0,3.0,0.0,700.0,230.0,0.01610987857754375,90.7964620016806,1
17.64,0,0,0,1,0,0,3.0,0.0,700.0,230.0,0.01610987857754375,90.7964620016806,1
17.66,0,0,0,1,0,0,3.0,0.0,700.0,230.0,0.01610987857754375,90.7964620016806,1
17.68,0,0,0,1,0,0,3.0,0.0,700.0,230.0,0.01610987857754375,90.7964620016806,1
17.7,0,0,0,1,0,0,3.0,0.0,700.0,230.0,0.01610987857754375,90.7964620016806,1
17.72,0,0,0,1,0,0,3.0,0.0,700.0,230.0,0.01610987857754375,90.7964620016806,1
17.74,0,0,0,1,0,0,3.0,0.0,700.0,230.0,0.01610987857754375,90.7964620016806,1
17.76,0,0,0,1,0,0,3.0,0.0,700.0,230.0,0.01610987857754375,90.7964620016806,1
17.78,0,0,0,1,0,0,3.0,0.0,700.0,230.0,0.01610987857754375,90.7964620016806,1
17.8,0,0,0,1,0,0,3.0,0.0,700.0,230.0,0.01610987857754375,90.7964620016806,1
17.82,0,0,0,1,0,0,3.0,0.0,700.0,230.0,0.01610987857754375,90.7964620016806,1
17.84,0,0,0,1,0,0,3.0,0.0,700.0,230.0,0.01610987857754375,90.7964620016806,1
17.86,0,0,0,1,0,0,3.0,0.0,700.0,230.0,0.01610987857754375,90.7964620016806,1
17.88,0,0,0,1,0,0,3.0,0.0,700.0,230.0,0.01610987857754375,90.7964620016806,1
17.9,0,0,0,1,0,0,3.0,0.0,700.0,230.0,0.01610987857754375,90.7964620016806,1
17.92,0,0,0,1,0,0,3.0,0.0,700.0,230.0,0.01610987857754375,90.7964620016806,1
17.94,0,0,0,1,0,0,3.0,0.0,700.0,230.0,0.01610987857754375,90.7964620016806,1
17.96,0,0,0,1,0,0,3.0,0.0,700.0,230.0,0.01610987857754375,90.7964620016806,1
17.98,0,0,0,1,0,0,3.0,0.0,700.0,230.0,0.01610987857754375,90.7964620016806,1
18.0,0,0,0,1,0,0,3.0,0.0,700.0,230.0,0.01610987857754375,90.7964620016806,1
18.02,0,0,0,1,0,0,3.0,0.0,700.0,230.0,0.01610987857754375,90.7964620016806,1
18.04,0,0,0,1,0,0,3.0,0.0,700.0,230.0,0.01610987857754375,90.7964620016806,1
18.06,0,0,0,1,0,0,3.0,0.0,700.0,230.0,0.01610987857754375,90.7964620016806,1
18.08,0,0,0,1,0,0,3.0,0.0,700.0,230.0,0.01610987857754375,90.7964620016806,1
18.1,0,0,0,1,0,0,3.0,0.0,700.0,230.0,0.01610987857754375,90.7964620016806,1
18.12,0,0,0,1,0,0,3.0,0.0,700.0,230.0,0.01610987857754375,90.7964620016806,1
18.14,0,0,0,1,0,0,3.0,0.0,700.0,230.0,0.01610987857754375,90.7964620016806,1
18.16,0,0,0,1,0,0,3.0,0.0,700.0,230.0,0.01610987857754375,90.7964620016806,1
18.18,0,0,0,1,0,0,3.0,0.0,700.0,230.0,0.01610987857754375,90.7964620016806,1
18.2,0,0,0,1,0,0,3.0,0.0,700.0,230.0,0.01610987857754375,90.7964620016806,1
18.22,0,0,0,1,0,0,3.0,0.0,700.0,230.0,0.01610987857754375,90.7964620016806,1
18.24,0,0,0,1,0,0,3.0,0.0,700.0,230.0,0.01610987857754375,90.7964620016806,1
18.26,0,0,0,1,0,0,3.0,0.0,700.0,230.0,0.01610987857754375,90.7964620016806,1
18.28,0,0,0,1,0,0,3.0,0.0,700.0,230.0,0.01610987857754375,90.7964620016806,1
18.3,0,0,0,1,0,0,3.0,0.0,700.0,230.0,0.01610987857754375,90.7964620016806,1
18.32,0,0,0,1,0,0,3.0,0.0,700.0,230.0,0.01610987857754375,90.7964620016806,1
18.34,0,0,0,1,0,0,3.0,0.0,700.0,230.0,0.01610987857754375,90.7964620016806,1
18.36,0,0,0,1,0,0,3.0,0.0,700.0,230.0,0.01610987857754375,90.7964620016806,1
18.38,0,0,0,1,0,0,3.0,0.0,700.0,230.0,0.01610987857754375,90.7964620016806,1
18.4,0,0,0,1,0,0,3.0,0.0,700.0,230.0,0.01610987857754375,90.7964620016806,1
18.42,0,0,0,1,0,0,3.0,0.0,700.0,230.0,0.01610987857754375,90.7964620016806,1
18.44,0,0,0,1,0,0,3.0,0.0,700.0,230.0,0.01610987857754375,90.7964620016806,1
18.46,0,0,0,1,0,0,3.0,0.0,700.0,230.0,0.01610987857754375,90.7964620016806,1
18.48,0,0,0,1,0,0,3.0,0.0,700.0,230.0,0.01610987857754375,90.7964620016806,1
18.5,0,0,0,1,0,0,3.0,0.0,700.0,230.0,0.01610987857754375,90.7964620016806,1
18.52,0,0,0,1,0,0,3.0,0.0,700.0,230.0,0.01610987857754375,90.7964620016806,1
18.54,0,0,0,1,0,0,3.0,0.0,700.0,230.0,0.01610987857754375,90.7964620016806,1
18.56,0,0,0,1,0,0,3.0,0.0,700.0,230.0,0.01610987857754375,90.7964620016806,1
18.58,0,0,0,1,0,0,3.0,0.0,700.0,230.0,0.01610987857754375,90.7964620016806,1
18.6,0,0,0,1,0,0,3.0,0.0,700.0,230.0,0.01610987857754375,90.7964620016806,1
18.62,0,0,0,1,0,0,3.0,0.0,700.0,230.0,0.01610987857754375,90.7964620016806,1
18.64,0,0,0,1,0,0,3.0,0.0,700.0,230.0,0.01610987857754375,90.7964620016806,1
18.66,0,0,0,1,0,0,3.0,0.0,700.0,230.0,0.01610987857754375,90.7964620016806,1
18.68,0,0,0,1,0,0,3.0,0.0,700.0,230.0,0.01610987857754375,90.7964620016806,1
18.7,0,0,0,1,0,0,3.0,0.0,700.0,230.0,0.01610987857754375,90.7964620016806,1
18.72,0,0,0,1,0,0,3.0,0.0,700.0,230.0,0.01610987857754375,90.7964620016806,1
18.74,0,0,0,1,0,0,3.0,0.0,700.0,230.0,0.01610987857754375,90.7964620016806,1
18.76,0,0,0,1,0,0,3.0,0.0,700.0,230.0,0.01610987857754375,90.7964620016806,1
18.78,0,0,0,1,0,0,3.0,0.0,700.0,230.0,0.01610987857754375,90.7964620016806,1
18.8,0,0,0,1,0,0,3.0,0.0,700.0,230.0,0.01610987857754375,90.7964620016806,1
18.82,0,0,0,1,0,0,3.0,0.0,700.0,230.0,0.01610987857754375,90.7964620016806,1
18.84,0,0,0,1,0,0,3.0,0.0,700.0,230.0,0.01610987857754375,90.7964620016806,1
18.86,0,0,0,1,0,0,3.0,0.0,700.0,230.0,0.01610987857754375,90.7964620016806,1
18.88,0,0,0,1,0,0,3.0,0.0,700.0,230.0,0.01610987857754375,90.7964620016806,1
18.9,0,0,0,1,0,0,3.0,0.0,700.0,230.0,0.01610987857754375,90.7964620016806,1
18.92,0,0,0,1,0,0,3.0,0.0,700.0,230.0,0.01610987857754375,90.7964620016806,1
18.94,0,0,0,1,0,0,3.0,0.0,700.0,230.0,0.01610987857754375,90.7964620016806,1
18.96,0,0,0,1,0,0,3.0,0.0,700.0,230.0,0.01610987857754375,90.7964620016806,1
18.98,0,0,0,1,0,0,3.0,0.0,700.0,230.0,0.01610987857754375,90.7964620016806,1
19.0,0,0,0,1,0,0,3.0,0.0,700.0,230.0,0.01610987857754375,90.7964620016806,1
19.02,0,0,0,1,0,0,3.0,0.0,700.0,230.0,0.01610987857754375,90.7964620016806,1
19.04,0,0,0,1,0,0,3.0,0.0,700.0,230.0,0.01610987857754375,90.7964620016806,1
19.06,0,0,0,1,0,0,3.0,0.0,700.0,230.0,0.01610987857754375,90.7964620016806,1
19.08,0,0,0,1,0,0,3.0,0.0,700.0,230.0,0.01610987857754375,90.7964620016806,1
19.1,0,0,0,1,0,0,3.0,0.0,700.0,230.0,0.01610987857754375,90.7964620016806,1
19.12,0,0,0,1,0,0,3.0,0.0,700.0,230.0,0.01610987857754375,90.7964620016806,1
19.14,0,0,0,1,0,0,3.0,0.0,700.0,230.0,0.01610987857754375,90.7964620016806,1
19.16,0,0,0,1,0,0,3.0,0.0,700.0,230.0,0.01610987857754375,90.7964620016806,1
19.18,0,0,0,1,0,0,3.0,0.0,700.0,230.0,0.01610987857754375,90.7964620016806,1
19.2,0,0,0,1,0,0,3.0,0.0,700.0,230.0,0.01610987857754375,90.7964620016806,1
19.22,0,0,0,1,0,0,3.0,0.0,700.0,230.0,0.01610987857754375,90.7964620016806,1
19.24,0,0,0,1,0,0,3.0,0.0,700.0,230.0,0.01610987857754375,90.7964620016806,1
19.26,0,0,0,1,0,0,3.0,0.0,700.0,230.0,0.01610987857754375,90.7964620016806,1
19.28,0,0,0,1,0,0,3.0,0.0,700.0,230.0,0.01610987857754375,90.7964620016806,1
19.3,0,0,0,1,0,0,3.0,0.0,700.0,230.0,0.01610987857754375,90.7964620016806,1
19.32,0,0,0,1,0,0,3.0,0.0,700.0,230.0,0.01610987857754375,90.7964620016806,1
19.34,0,0,0,1,0,0,3.0,0.0,700.0,230.0,0.01610987857754375,90.7964620016806,1
19.36,0,0,0,1,0,0,3.0,0.0,700.0,230.0,0.01610987857754375,90.7964620016806,1
19.38,0,0,0,1,0,0,3.0,0.0,700.0,230.0,0.01610987857754375,90.7964620016806,1
19.4,0,0,0,1,0,0,3.0,0.0,700.0,230.0,0.01610987857754375,90.7964620016806,1
19.42,0,0,0,1,0,0,3.0,0.0,700.0,230.0,0.01610987857754375,90.7964620016806,1
19.44,0,0,0,1,0,0,3.0,0.0,700.0,230.0,0.01610987857754375,90.7964620016806,1
19.46,0,0,0,1,0,0,3.0,0.0,700.0,230.0,0.01610987857754375,90.7964620016806,1
19.48,0,0,0,1,0,0,3.0,0.0,700.0,230.0,0.01610987857754375,90.7964620016806,1
19.5,0,0,0,1,0,0,3.0,0.0,700.0,230.0,0.01610987857754375,90.7964620016806,1
19.52,0,0,0,1,0,0,3.0,0.0,700.0,230.0,0.01610987857754375,90.7964620016806,1
19.54,0,0,0,1,0,0,3.0,0.0,700.0,230.0,0.01610987857754375,90.7964620016806,1
19.56,0,0,0,1,0,0,3.0,0.0,700.0,230.0,0.01610987857754375,90.7964620016806,1
19.58,0,0,0,1,0,0,3.0,0.0,700.0,230.0,0.01610987857754375,90.7964620016806,1
19.6,0,0,0,1,0,0,3.0,0.0,700.0,230.0,0.01610987857754375,90.7964620016806,1
19.62,0,0,0,1,0,0,3.0,0.0,700.0,230.0,0.01610987857754375,90.7964620016806,1
19.64,0,0,0,1,0,0,3.0,0.0,700.0,230.0,0.01610987857754375,90.7964620016806,1
19.66,0,0,0,1,0,0,3.0,0.0,700.0,230.0,0.01610987857754375,90.7964620016806,1
19.68,0,0,0,1,0,0,3.0,0.0,700.0,230.0,0.01610987857754375,90.7964620016806,1
19.7,0,0,0,1,0,0,3.0,0.0,700.0,230.0,0.01610987857754375,90.7964620016806,1
19.72,0,0,0,1,0,0,3.0,0.0,700.0,230.0,0.01610987857754375,90.7964620016806,1
19.74,0,0,0,1,0,0,3.0,0.0,700.0,230.0,0.01610987857754375,90.7964620016806,1
19.76,0,0,0,1,0,0,3.0,0.0,700.0,230.0,0.01610987857754375,90.7964620016806,1
19.78,0,0,0,1,0,0,3.0,0.0,700.0,230.0,0.01610987857754375,90.7964620016806,1
19.8,0,0,0,1,0,0,3.0,0.0,700.0,230.0,0.01610987857754375,90.7964620016806,1
19.82,0,0,0,1,0,0,3.0,0.0,700.0,230.0,0.01610987857754375,90.7964620016806,1
19.84,0,0,0,1,0,0,3.0,0.0,700.0,230.0,0.01610987857754375,90.7964620016806,1
19.86,0,0,0,1,0,0,3.0,0.0,700.0,230.0,0.01610987857754375,90.7964620016806,1
19.88,0,0,0,1,0,0,3.0,0.0,700.0,230.0,0.01610987857754375,90.7964620016806,1
19.9,0,0,0,1,0,0,3.0,0.0,700.0,230.0,0.01610987857754375,90.7964620016806,1
19.92,0,0,0,1,0,0,3.0,0.0,700.0,230.0,0.01610987857754375,90.7964620016806,1
19.94,0,0,0,1,0,0,3.0,0.0,700.0,230.0,0.01610987857754375,90.7964620016806,1
19.96,0,0,0,1,0,0,3.0,0.0,700.0,230.0,0.01610987857754375,90.7964620016806,1
19.98,0,0,0,1,0,0,3.0,0.0,700.0,230.0,0.01610987857754375,90.7964620016806,1
20.0,0,0,0,1,0,0,3.0,0.0,700.0,230.0,0.01610987857754375,90.7964620016806,1
20.02,0,0,0,1,0,0,3.0,0.0,700.0,230.0,0.01610987857754375,90.7964620016806,1
20.04,0,0,0,1,0,0,3.0,0.0,700.0,230.0,0.01610987857754375,90.7964620016806,1
20.06,0,0,0,1,0,0,3.0,0.0,700.0,230.0,0.01610987857754375,90.7964620016806,1
20.08,0,0,0,1,0,0,3.0,0.0,700.0,230.0,0.01610987857754375,90.7964620016806,1
20.1,0,0,0,1,0,0,3.0,0.0,700.0,230.0,0.01610987857754375,90.7964620016806,1
20.12,0,0,0,1,0,0,3.0,0.0,700.0,230.0,0.01610987857754375,90.7964620016806,1
20.14,0,0,0,1,0,0,3.0,0.0,700.0,230.0,0.01610987857754375,90.7964620016806,1
20.16,0,0,0,1,0,0,3.0,0.0,700.0,230.0,0.01610987857754375,90.7964620016806,1
20.18,0,0,0,1,0,0,3.0,0.0,700.0,230.0,0.01610987857754375,90.7964620016806,1
20.2,0,0,0,1,0,0,3.0,0.0,700.0,230.0,0.01610987857754375,90.7964620016806,1
20.22,0,0,0,1,0,0,3.0,0.0,700.0,230.0,0.01610987857754375,90.7964620016806,1
20.24,0,0,0,1,0,0,3.0,0.0,700.0,230.0,0.01610987857754375,90.7964620016806,1
20.26,0,0,0,1,0,0,3.0,0.0,700.0,230.0,0.01610987857754375,90.7964620016806,1
20.28,0,0,0,1,0,0,3.0,0.0,700.0,230.0,0.01610987857754375,90.7964620016806,1
20.3,0,0,0,1,0,0,3.0,0.0,700.0,230.0,0.01610987857754375,90.7964620016806,1
20.32,0,0,0,1,0,0,3.0,0.0,700.0,230.0,0.01610987857754375,90.7964620016806,1
20.34,0,0,0,1,0,0,3.0,0.0,700.0,230.0,0.01610987857754375,90.7964620016806,1
20.36,0,0,0,1,0,0,3.0,0.0,700.0,230.0,0.01610987857754375,90.7964620016806,1
20.38,0,0,0,1,0,0,3.0,0.0,700.0,230.0,0.01610987857754375,90.7964620016806,1
20.4,0,0,0,1,0,0,3.0,0.0,700.0,230.0,0.01610987857754375,90.7964620016806,1
20.42,0,0,0,1,0,0,3.0,0.0,700.0,230.0,0.01610987857754375,90.7964620016806,1
20.44,0,0,0,1,0,0,3.0,0.0,700.0,230.0,0.01610987857754375,90.7964620016806,1
20.46,0,0,0,1,0,0,3.0,0.0,700.0,230.0,0.01610987857754375,90.7964620016806,1
20.48,0,0,0,1,0,0,3.0,0.0,700.0,230.0,0.01610987857754375,90.7964620016806,1
20.5,0,0,0,1,0,0,3.0,0.0,700.0,230.0,0.01610987857754375,90.7964620016806,1
20.52,0,0,0,1,0,0,3.0,0.0,700.0,230.0,0.01610987857754375,90.7964620016806,1
20.54,0,0,0,1,0,0,3.0,0.0,700.0,230.0,0.01610987857754375,90.7964620016806,1
20.56,0,0,0,1,0,0,3.0,0.0,700.0,230.0,0.01610987857754375,90.7964620016806,1
20.58,0,0,0,1,0,0,3.0,0.0,700.0,230.0,0.01610987857754375,90.7964620016806,1
20.6,0,0,0,1,0,0,3.0,0.0,700.0,230.0,0.01610987857754375,90.7964620016806,1
20.62,0,0,0,1,0,0,3.0,0.0,700.0,230.0,0.01610987857754375,90.7964620016806,1
20.64,0,0,0,1,0,0,3.0,0.0,700.0,230.0,0.01610987857754375,90.7964620016806,1
20.66,0,0,0,1,0,0,3.0,0.0,700.0,230.0,0.01610987857754375,90.7964620016806,1
20.68,0,0,0,1,0,0,3.0,0.0,700.0,230.0,0.01610987857754375,90.7964620016806,1
20.7,0,0,0,1,0,0,3.0,0.0,700.0,230.0,0.01610987857754375,90.7964620016806,1
20.72,0,0,0,1,0,0,3.0,0.0,700.0,230.0,0.01610987857754375,90.7964620016806,1
20.74,0,0,0,1,0,0,3.0,0.0,700.0,230.0,0.01610987857754375,90.7964620016806,1
20.76,0,0,0,1,0,0,3.0,0.0,700.0,230.0,0.01610987857754375,90.7964620016806,1
20.78,0,0,0,1,0,0,3.0,0.0,700.0,230.0,0.01610987857754375,90.7964620016806,1
20.8,0,0,0,1,0,0,3.0,0.0,700.0,230.0,0.01610987857754375,90.7964620016806,1
20.82,0,0,0,1,0,0,3.0,0.0,700.0,230.0,0.01610987857754375,90.7964620016806,1
20.84,0,0,0,1,0,0,3.0,0.0,700.0,230.0,0.01610987857754375,90.7964620016806,1
20.86,0,0,0,1,0,0,3.0,0.0,700.0,230.0,0.01610987857754375,90.7964620016806,1
20.88,0,0,0,1,0,0,3.0,0.0,700.0,230.0,0.01610987857754375,90.7964620016806,1
20.9,0,0,0,1,0,0,3.0,0.0,700.0,230.0,0.01610987857754375,90.7964620016806,1
20.92,0,0,0,1,0,0,3.0,0.0,700.0,230.0,0.01610987857754375,90.7964620016806,1
20.94,0,0,0,1,0,0,3.0,0.0,700.0,230.0,0.01610987857754375,90.7964620016806,1
20.96,0,0,0,1,0,0,3.0,0.0,700.0,230.0,0.01610987857754375,90.7964620016806,1
20.98,0,0,0,1,0,0,3.0,0.0,700.0,230.0,0.01610987857754375,90.7964620016806,1
21.0,0,0,0,1,0,0,3.0,0.0,700.0,230.0,0.01610987857754375,90.7964620016806,1
21.02,0,0,0,1,0,0,3.0,0.0,700.0,230.0,0.01610987857754375,90.7964620016806,1
21.04,0,0,0,1,0,0,3.0,0.0,700.0,230.0,0.01610987857754375,90.7964620016806,1
21.06,0,0,0,1,0,0,3.0,0.0,700.0,230.0,0.01610987857754375,90.7964620016806,1
21.08,0,0,0,1,0,0,3.0,0.0,700.0,230.0,0.01610987857754375,90.7964620016806,1
21.1,0,0,0,1,0,0,3.0,0.0,700.0,230.0,0.01610987857754375,90.7964620016806,1
21.12,0,0,0,1,0,0,3.0,0.0,700.0,230.0,0.01610987857754375,90.7964620016806,1
21.14,0,0,0,1,0,0,3.0,0.0,700.0,230.0,0.01610987857754375,90.7964620016806,1
21.16,0,0,0,1,0,0,3.0,0.0,700.0,230.0,0.01610987857754375,90.7964620016806,1
21.18,0,0,0,1,0,0,3.0,0.0,700.0,230.0,0.01610987857754375,90.7964620016806,1
21.2,0,0,0,1,0,0,3.0,0.0,700.0,230.0,0.01610987857754375,90.7964620016806,1
21.22,0,0,0,1,0,0,3.0,0.0,700.0,230.0,0.01610987857754375,90.7964620016806,1
21.24,0,0,0,1,0,0,3.0,0.0,700.0,230.0,0.01610987857754375,90.7964620016806,1
21.26,0,0,0,1,0,0,3.0,0.0,700.0,230.0,0.01610987857754375,90.7964620016806,1
21.28,0,0,0,1,0,0,3.0,0.0,700.0,230.0,0.01610987857754375,90.7964620016806,1
21.3,0,0,0,1,0,0,3.0,0.0,700.0,230.0,0.01610987857754375,90.7964620016806,1
21.32,0,0,0,1,0,0,3.0,0.0,700.0,230.0,0.01610987857754375,90.7964620016806,1
21.34,0,0,0,1,0,0,3.0,0.0,700.0,230.0,0.01610987857754375,90.7964620016806,1
21.36,0,0,0,1,0,0,3.0,0.0,700.0,230.0,0.01610987857754375,90.7964620016806,1
21.38,0,0,0,1,0,0,3.0,0.0,700.0,230.0,0.01610987857754375,90.7964620016806,1
21.4,0,0,0,1,0,0,3.0,0.0,700.0,230.0,0.01610987857754375,90.7964620016806,1
21.42,0,0,0,1,0,0,3.0,0.0,700.0,230.0,0.01610987857754375,90.7964620016806,1
21.44,0,0,0,1,0,0,3.0,0.0,700.0,230.0,0.01610987857754375,90.7964620016806,1
21.46,0,0,0,1,0,0,3.0,0.0,700.0,230.0,0.01610987857754375,90.7964620016806,1
21.48,0,0,0,1,0,0,3.0,0.0,700.0,230.0,0.01610987857754375,90.7964620016806,1
21.5,0,0,0,1,0,0,3.0,0.0,700.0,230.0,0.01610987857754375,90.7964620016806,1
21.52,0,0,0,1,0,0,3.0,0.0,700.0,230.0,0.01610987857754375,90.7964620016806,1
21.54,0,0,0,1,0,0,3.0,0.0,700.0,230.0,0.01610987857754375,90.7964620016806,1
21.56,0,0,0,1,0,0,3.0,0.0,700.0,230.0,0.01610987857754375,90.7964620016806,1
21.58,0,0,0,1,0,0,3.0,0.0,700.0,230.0,0.01610987857754375,90.7964620016806,1
21.6,0,0,0,1,0,0,3.0,0.0,700.0,230.0,0.01610987857754375,90.7964620016806,1
21.62,0,0,0,1,0,0,3.0,0.0,700.0,230.0,0.01610987857754375,90.7964620016806,1
21.64,0,0,0,1,0,0,3.0,0.0,700.0,230.0,0.01610987857754375,90.7964620016806,1
21.66,0,0,0,1,0,0,3.0,0.0,700.0,230.0,0.01610987857754375,90.7964620016806,1
21.68,0,0,0,1,0,0,3.0,0.0,700.0,230.0,0.01610987857754375,90.7964620016806,1
21.7,0,0,0,1,0,0,3.0,0.0,700.0,230.0,0.01610987857754375,90.7964620016806,1
21.72,0,0,0,1,0,0,3.0,0.0,700.0,230.0,0.01610987857754375,90.7964620016806,1
21.74,0,0,0,1,0,0,3.0,0.0,700.0,230.0,0.01610987857754375,90.7964620016806,1
21.76,0,0,0,1,0,0,3.0,0.0,700.0,230.0,0.01610987857754375,90.7964620016806,1
21.78,0,0,0,1,0,0,3.0,0.0,700.0,230.0,0.01610987857754375,90.7964620016806,1
21.8,0,0,0,1,0,0,3.0,0.0,700.0,230.0,0.01610987857754375,90.7964620016806,1
21.82,0,0,0,1,0,0,3.0,0.0,700.0,230.0,0.01610987857754375,90.7964620016806,1
21.84,0,0,0,1,0,0,3.0,0.0,700.0,230.0,0.01610987857754375,90.7964620016806,1
21.86,0,0,0,1,0,0,3.0,0.0,700.0,230.0,0.01610987857754375,90.7964620016806,1
21.88,0,0,0,1,0,0,3.0,0.0,700.0,230.0,0.01610987857754375,90.7964620016806,1
21.9,0,0,0,1,0,0,3.0,0.0,700.0,230.0,0.01610987857754375,90.7964620016806,1
21.92,0,0,0,1,0,0,3.0,0.0,700.0,230.0,0.01610987857754375,90.7964620016806,1
21.94,0,0,0,1,0,0,3.0,0.0,700.0,230.0,0.01610987857754375,90.7964620016806,1
21.96,0,0,0,1,0,0,3.0,0.0,700.0,230.0,0.01610987857754375,90.7964620016806,1
21.98,0,0,0,1,0,0,3.0,0.0,700.0,230.0,0.01610987857754375,90.7964620016806,1
22.0,0,0,0,1,0,0,3.0,0.0,700.0,230.0,0.01610987857754375,90.7964620016806,1
22.02,0,0,0,1,0,0,3.0,0.0,700.0,230.0,0.01610987857754375,90.7964620016806,1
22.04,0,0,0,1,0,0,3.0,0.0,700.0,230.0,0.01610987857754375,90.7964620016806,1
22.06,0,0,0,1,0,0,3.0,0.0,700.0,230.0,0.01610987857754375,90.7964620016806,1
22.08,0,0,0,1,0,0,3.0,0.0,700.0,230.0,0.01610987857754375,90.7964620016806,1
22.1,0,0,0,1,0,0,3.0,0.0,700.0,230.0,0.01610987857754375,90.7964620016806,1
22.12,0,0,0,1,0,0,3.0,0.0,700.0,230.0,0.01610987857754375,90.7964620016806,1
22.14,0,0,0,1,0,0,3.0,0.0,700.0,230.0,0.01610987857754375,90.7964620016806,1
22.16,0,0,0,1,0,0,3.0,0.0,700.0,230.0,0.01610987857754375,90.7964620016806,1
22.18,0,0,0,1,0,0,3.0,0.0,700.0,230.0,0.01610987857754375,90.7964620016806,1
22.2,0,0,0,1,0,0,3.0,0.0,700.0,230.0,0.01610987857754375,90.7964620016806,1
22.22,0,0,0,1,0,0,3.0,0.0,700.0,230.0,0.01610987857754375,90.7964620016806,1
22.24,0,0,0,1,0,0,3.0,0.0,700.0,230.0,0.01610987857754375,90.7964620016806,1
22.26,0,0,0,1,0,0,3.0,0.0,700.0,230.0,0.01610987857754375,90.7964620016806,1
22.28,0,0,0,1,0,0,3.0,0.0,700.0,230.0,0.01610987857754375,90.7964620016806,1
22.3,0,0,0,1,0,0,3.0,0.0,700.0,230.0,0.01610987857754375,90.7964620016806,1
22.32,0,0,0,1,0,0,3.0,0.0,700.0,230.0,0.01610987857754375,90.7964620016806,1
22.34,0,0,0,1,0,0,3.0,0.0,700.0,230.0,0.01610987857754375,90.7964620016806,1
22.36,0,0,0,1,0,0,3.0,0.0,700.0,230.0,0.01610987857754375,90.7964620016806,1
22.38,0,0,0,1,0,0,3.0,0.0,700.0,230.0,0.01610987857754375,90.7964620016806,1
22.4,0,0,0,1,0,0,3.0,0.0,700.0,230.0,0.01610987857754375,90.7964620016806,1
22.42,0,0,0,1,0,0,3.0,0.0,700.0,230.0,0.01610987857754375,90.7964620016806,1
22.44,0,0,0,1,0,0,3.0,0.0,700.0,230.0,0.01610987857754375,90.7964620016806,1
22.46,0,0,0,1,0,0,3.0,0.0,700.0,230.0,0.01610987857754375,90.7964620016806,1
22.48,0,0,0,1,0,0,3.0,0.0,700.0,230.0,0.01610987857754375,90.7964620016806,1
22.5,0,0,0,1,0,0,3.0,0.0,700.0,230.0,0.01610987857754375,90.7964620016806,1
22.52,0,0,0,1,0,0,3.0,0.0,700.0,230.0,0.01610987857754375,90.7964620016806,1
22.54,0,0,0,1,0,0,3.0,0.0,700.0,230.0,0.01610987857754375,90.7964620016806,1
22.56,0,0,0,1,0,0,3.0,0.0,700.0,230.0,0.01610987857754375,90.7964620016806,1
22.58,0,0,0,1,0,0,3.0,0.0,700.0,230.0,0.01610987857754375,90.7964620016806,1
22.6,0,0,0,1,0,0,3.0,0.0,700.0,230.0,0.01610987857754375,90.7964620016806,1
22.62,0,0,0,1,0,0,3.0,0.0,700.0,230.0,0.01610987857754375,90.7964620016806,1
22.64,0,0,0,1,0,0,3.0,0.0,700.0,230.0,0.01610987857754375,90.7964620016806,1
22.66,0,0,0,1,0,0,3.0,0.0,700.0,230.0,0.01610987857754375,90.7964620016806,1
22.68,0,0,0,1,0,0,3.0,0.0,700.0,230.0,0.01610987857754375,90.7964620016806,1
22.7,0,0,0,1,0,0,3.0,0.0,700.0,230.0,0.01610987857754375,90.7964620016806,1
22.72,0,0,0,1,0,0,3.0,0.0,700.0,230.0,0.01610987857754375,90.7964620016806,1
22.74,0,0,0,1,0,0,3.0,0.0,700.0,230.0,0.01610987857754375,90.7964620016806,1
22.76,0,0,0,1,0,0,3.0,0.0,700.0,230.0,0.01610987857754375,90.7964620016806,1
22.78,0,0,0,1,0,0,3.0,0.0,700.0,230.0,0.01610987857754375,90.7964620016806,1
22.8,0,0,0,1,0,0,3.0,0.0,700.0,230.0,0.01610987857754375,90.7964620016806,1
22.82,0,0,0,1,0,0,3.0,0.0,700.0,230.0,0.01610987857754375,90.7964620016806,1
22.84,0,0,0,1,0,0,3.0,0.0,700.0,230.0,0.01610987857754375,90.7964620016806,1
22.86,0,0,0,1,0,0,3.0,0.0,700.0,230.0,0.01610987857754375,90.7964620016806,1
22.88,0,0,0,1,0,0,3.0,0.0,700.0,230.0,0.01610987857754375,90.7964620016806,1
22.9,0,0,0,1,0,0,3.0,0.0,700.0,230.0,0.01610987857754375,90.7964620016806,1
22.92,0,0,0,1,0,0,3.0,0.0,700.0,230.0,0.01610987857754375,90.7964620016806,1
22.94,0,0,0,1,0,0,3.0,0.0,700.0,230.0,0.01610987857754375,90.7964620016806,1
22.96,0,0,0,1,0,0,3.0,0.0,700.0,230.0,0.01610987857754375,90.7964620016806,1
22.98,0,0,0,1,0,0,3.0,0.0,700.0,230.0,0.01610987857754375,90.7964620016806,1
23.0,0,0,0,1,0,0,3.0,0.0,700.0,230.0,0.01610987857754375,90.7964620016806,1
23.02,0,0,0,1,0,0,3.0,0.0,700.0,230.0,0.01610987857754375,90.7964620016806,1
23.04,0,0,0,1,0,0,3.0,0.0,700.0,230.0,0.01610987857754375,90.7964620016806,1
23.06,0,0,0,1,0,0,3.0,0.0,700.0,230.0,0.01610987857754375,90.7964620016806,1
23.08,0,0,0,1,0,0,3.0,0.0,700.0,230.0,0.01610987857754375,90.7964620016806,1
23.1,0,0,0,1,0,0,3.0,0.0,700.0,230.0,0.01610987857754375,90.7964620016806,1
23.12,0,0,0,1,0,0,3.0,0.0,700.0,230.0,0.01610987857754375,90.7964620016806,1
23.14,0,0,0,1,0,0,3.0,0.0,700.0,230.0,0.01610987857754375,90.7964620016806,1
23.16,0,0,0,1,0,0,3.0,0.0,700.0,230.0,0.01610987857754375,90.7964620016806,1
23.18,0,0,0,1,0,0,3.0,0.0,700.0,230.0,0.01610987857754375,90.7964620016806,1
23.2,0,0,0,1,0,0,3.0,0.0,700.0,230.0,0.01610987857754375,90.7964620016806,1
23.22,0,0,0,1,0,0,3.0,0.0,700.0,230.0,0.01610987857754375,90.7964620016806,1
23.24,0,0,0,1,0,0,3.0,0.0,700.0,230.0,0.01610987857754375,90.7964620016806,1
23.26,0,0,0,1,0,0,3.0,0.0,700.0,230.0,0.01610987857754375,90.7964620016806,1
23.28,0,0,0,1,0,0,3.0,0.0,700.0,230.0,0.01610987857754375,90.7964620016806,1
23.3,0,0,0,1,0,0,3.0,0.0,700.0,230.0,0.01610987857754375,90.7964620016806,1
23.32,0,0,0,1,0,0,3.0,0.0,700.0,230.0,0.01610987857754375,90.7964620016806,1
23.34,0,0,0,1,0,0,3.0,0.0,700.0,230.0,0.01610987857754375,90.7964620016806,1
23.36,0,0,0,1,0,0,3.0,0.0,700.0,230.0,0.01610987857754375,90.7964620016806,1
23.38,0,0,0,1,0,0,3.0,0.0,700.0,230.0,0.01610987857754375,90.7964620016806,1
23.4,0,0,0,1,0,0,3.0,0.0,700.0,230.0,0.01610987857754375,90.7964620016806,1
23.42,0,0,0,1,0,0,3.0,0.0,700.0,230.0,0.01610987857754375,90.7964620016806,1
23.44,0,0,0,1,0,0,3.0,0.0,700.0,230.0,0.01610987857754375,90.7964620016806,1
23.46,0,0,0,1,0,0,3.0,0.0,700.0,230.0,0.01610987857754375,90.7964620016806,1
23.48,0,0,0,1,0,0,3.0,0.0,700.0,230.0,0.01610987857754375,90.7964620016806,1
23.5,0,0,0,1,0,0,3.0,0.0,700.0,230.0,0.01610987857754375,90.7964620016806,1
23.52,0,0,0,1,0,0,3.0,0.0,700.0,230.0,0.01610987857754375,90.7964620016806,1
23.54,0,0,0,1,0,0,3.0,0.0,700.0,230.0,0.01610987857754375,90.7964620016806,1
23.56,0,0,0,1,0,0,3.0,0.0,700.0,230.0,0.01610987857754375,90.7964620016806,1
23.58,0,0,0,1,0,0,3.0,0.0,700.0,230.0,0.01610987857754375,90.7964620016806,1
23.6,0,0,0,1,0,0,3.0,0.0,700.0,230.0,0.01610987857754375,90.7964620016806,1
23.62,0,0,0,1,0,0,3.0,0.0,700.0,230.0,0.01610987857754375,90.7964620016806,1
23.64,0,0,0,1,0,0,3.0,0.0,700.0,230.0,0.01610987857754375,90.7964620016806,1
23.66,0,0,0,1,0,0,3.0,0.0,700.0,230.0,0.01610987857754375,90.7964620016806,1
23.68,0,0,0,1,0,0,3.0,0.0,700.0,230.0,0.01610987857754375,90.7964620016806,1
23.7,0,0,0,1,0,0,3.0,0.0,700.0,230.0,0.01610987857754375,90.7964620016806,1
23.72,0,0,0,1,0,0,3.0,0.0,700.0,230.0,0.01610987857754375,90.7964620016806,1
23.74,0,0,0,1,0,0,3.0,0.0,700.0,230.0,0.01610987857754375,90.7964620016806,1
23.76,0,0,0,1,0,0,3.0,0.0,700.0,230.0,0.01610987857754375,90.7964620016806,1
23.78,0,0,0,1,0,0,3.0,0.0,700.0,230.0,0.01610987857754375,90.7964620016806,1
23.8,0,0,0,1,0,0,3.0,0.0,700.0,230.0,0.01610987857754375,90.7964620016806,1
23.82,0,0,0,1,0,0,3.0,0.0,700.0,230.0,0.01610987857754375,90.7964620016806,1
23.84,0,0,0,1,0,0,3.0,0.0,700.0,230.0,0.01610987857754375,90.7964620016806,1
23.86,0,0,0,1,0,0,3.0,0.0,700.0,230.0,0.01610987857754375,90.7964620016806,1
23.88,0,0,0,1,0,0,3.0,0.0,700.0,230.0,0.01610987857754375,90.7964620016806,1
23.9,0,0,0,1,0,0,3.0,0.0,700.0,230.0,0.01610987857754375,90.7964620016806,1
23.92,0,0,0,1,0,0,3.0,0.0,700.0,230.0,0.01610987857754375,90.7964620016806,1
23.94,0,0,0,1,0,0,3.0,0.0,700.0,230.0,0.01610987857754375,90.7964620016806,1
23.96,0,0,0,1,0,0,3.0,0.0,700.0,230.0,0.01610987857754375,90.7964620016806,1
23.98,0,0,0,1,0,0,3.0,0.0,700.0,230.0,0.01610987857754375,90.7964620016806,1
24.0,0,0,0,1,0,0,3.0,0.0,700.0,230.0,0.01610987857754375,90.7964620016806,1
24.02,0,0,0,1,0,0,3.0,0.0,700.0,230.0,0.01610987857754375,90.7964620016806,1
24.04,0,0,0,1,0,0,3.0,0.0,700.0,230.0,0.01610987857754375,90.7964620016806,1
24.06,0,0,0,1,0,0,3.0,0.0,700.0,230.0,0.01610987857754375,90.7964620016806,1
24.08,0,0,0,1,0,0,3.0,0.0,700.0,230.0,0.01610987857754375,90.7964620016806,1
24.1,0,0,0,1,0,0,3.0,0.0,700.0,230.0,0.01610987857754375,90.7964620016806,1
24.12,0,0,0,1,0,0,3.0,0.0,700.0,230.0,0.01610987857754375,90.7964620016806,1
24.14,0,0,0,1,0,0,3.0,0.0,700.0,230.0,0.01610987857754375,90.7964620016806,1
24.16,0,0,0,1,0,0,3.0,0.0,700.0,230.0,0.01610987857754375,90.7964620016806,1
24.18,0,0,0,1,0,0,3.0,0.0,700.0,230.0,0.01610987857754375,90.7964620016806,1
24.2,0,0,0,1,0,0,3.0,0.0,700.0,230.0,0.01610987857754375,90.7964620016806,1
24.22,0,0,0,1,0,0,3.0,0.0,700.0,230.0,0.01610987857754375,90.7964620016806,1
24.24,0,0,0,1,0,0,3.0,0.0,700.0,230.0,0.01610987857754375,90.7964620016806,1
24.26,0,0,0,1,0,0,3.0,0.0,700.0,230.0,0.01610987857754375,90.7964620016806,1
24.28,0,0,0,1,0,0,3.0,0.0,700.0,230.0,0.01610987857754375,90.7964620016806,1
24.3,0,0,0,1,0,0,3.0,0.0,700.0,230.0,0.01610987857754375,90.7964620016806,1
24.32,0,0,0,1,0,0,3.0,0.0,700.0,230.0,0.01610987857754375,90.7964620016806,1
24.34,0,0,0,1,0,0,3.0,0.0,700.0,230.0,0.01610987857754375,90.7964620016806,1
24.36,0,0,0,1,0,0,3.0,0.0,700.0,230.0,0.01610987857754375,90.7964620016806,1
24.38,0,0,0,1,0,0,3.0,0.0,700.0,230.0,0.01610987857754375,90.7964620016806,1
24.4,0,0,0,1,0,0,3.0,0.0,700.0,230.0,0.01610987857754375,90.7964620016806,1
24.42,0,0,0,1,0,0,3.0,0.0,700.0,230.0,0.01610987857754375,90.7964620016806,1
24.44,0,0,0,1,0,0,3.0,0.0,700.0,230.0,0.01610987857754375,90.7964620016806,1
24.46,0,0,0,1,0,0,3.0,0.0,700.0,230.0,0.01610987857754375,90.7964620016806,1
24.48,0,0,0,1,0,0,3.0,0.0,700.0,230.0,0.01610987857754375,90.7964620016806,1
24.5,0,0,0,1,0,0,3.0,0.0,700.0,230.0,0.01610987857754375,90.7964620016806,1
24.52,0,0,0,1,0,0,3.0,0.0,700.0,230.0,0.01610987857754375,90.7964620016806,1
24.54,0,0,0,1,0,0,3.0,0.0,700.0,230.0,0.01610987857754375,90.7964620016806,1
24.56,0,0,0,1,0,0,3.0,0.0,700.0,230.0,0.01610987857754375,90.7964620016806,1
24.58,0,0,0,1,0,0,3.0,0.0,700.0,230.0,0.01610987857754375,90.7964620016806,1
24.6,0,0,0,1,0,0,3.0,0.0,700.0,230.0,0.01610987857754375,90.7964620016806,1
24.62,0,0,0,1,0,0,3.0,0.0,700.0,230.0,0.01610987857754375,90.7964620016806,1
24.64,0,0,0,1,0,0,3.0,0.0,700.0,230.0,0.01610987857754375,90.7964620016806,1
24.66,0,0,0,1,0,0,3.0,0.0,700.0,230.0,0.01610987857754375,90.7964620016806,1
24.68,0,0,0,1,0,0,3.0,0.0,700.0,230.0,0.01610987857754375,90.7964620016806,1
24.7,0,0,0,1,0,0,3.0,0.0,700.0,230.0,0.01610987857754375,90.7964620016806,1
24.72,0,0,0,1,0,0,3.0,0.0,700.0,230.0,0.01610987857754375,90.7964620016806,1
24.74,0,0,0,1,0,0,3.0,0.0,700.0,230.0,0.01610987857754375,90.7964620016806,1
24.76,0,0,0,1,0,0,3.0,0.0,700.0,230.0,0.01610987857754375,90.7964620016806,1
24.78,0,0,0,1,0,0,3.0,0.0,700.0,230.0,0.01610987857754375,90.7964620016806,1
24.8,0,0,0,1,0,0,3.0,0.0,700.0,230.0,0.01610987857754375,90.7964620016806,1
24.82,0,0,0,1,0,0,3.0,0.0,700.0,230.0,0.01610987857754375,90.7964620016806,1
24.84,0,0,0,1,0,0,3.0,0.0,700.0,230.0,0.01610987857754375,90.7964620016806,1
24.86,0,0,0,1,0,0,3.0,0.0,700.0,230.0,0.01610987857754375,90.7964620016806,1
24.88,0,0,0,1,0,0,3.0,0.0,700.0,230.0,0.01610987857754375,90.7964620016806,1
24.9,0,0,0,1,0,0,3.0,0.0,700.0,230.0,0.01610987857754375,90.7964620016806,1
24.92,0,0,0,1,0,0,3.0,0.0,700.0,230.0,0.01610987857754375,90.7964620016806,1
24.94,0,0,0,1,0,0,3.0,0.0,700.0,230.0,0.01610987857754375,90.7964620016806,1
24.96,0,0,0,1,0,0,3.0,0.0,700.0,230.0,0.01610987857754375,90.7964620016806,1
24.98,0,0,0,1,0,0,3.0,0.0,700.0,230.0,0.01610987857754375,90.7964620016806,1
25.0,0,0,0,1,0,0,3.0,0.0,700.0,230.0,0.01610987857754375,90.7964620016806,1
25.02,0,0,0,1,0,0,3.0,0.0,700.0,230.0,0.01610987857754375,90.7964620016806,1
25.04,0,0,0,1,0,0,3.0,0.0,700.0,230.0,0.01610987857754375,90.7964620016806,1
25.06,0,0,0,1,0,0,3.0,0.0,700.0,230.0,0.01610987857754375,90.7964620016806,1
25.08,0,0,0,1,0,0,3.0,0.0,700.0,230.0,0.01610987857754375,90.7964620016806,1
25.1,0,0,0,1,0,0,3.0,0.0,700.0,230.0,0.01610987857754375,90.7964620016806,1
25.12,0,0,0,1,0,0,3.0,0.0,700.0,230.0,0.01610987857754375,90.7964620016806,1
25.14,0,0,0,1,0,0,3.0,0.0,700.0,230.0,0.01610987857754375,90.7964620016806,1
25.16,0,0,0,1,0,0,3.0,0.0,700.0,230.0,0.01610987857754375,90.7964620016806,1
25.18,0,0,0,1,0,0,3.0,0.0,700.0,230.0,0.01610987857754375,90.7964620016806,1
25.2,0,0,0,1,0,0,3.0,0.0,700.0,230.0,0.01610987857754375,90.7964620016806,1
25.22,0,0,0,1,0,0,3.0,0.0,700.0,230.0,0.01610987857754375,90.7964620016806,1
25.24,0,0,0,1,0,0,3.0,0.0,700.0,230.0,0.01610987857754375,90.7964620016806,1
25.26,0,0,0,1,0,0,3.0,0.0,700.0,230.0,0.01610987857754375,90.7964620016806,1
25.28,0,0,0,1,0,0,3.0,0.0,700.0,230.0,0.01610987857754375,90.7964620016806,1
25.3,0,0,0,1,0,0,3.0,0.0,700.0,230.0,0.01610987857754375,90.7964620016806,1
25.32,0,0,0,1,0,0,3.0,0.0,700.0,230.0,0.01610987857754375,90.7964620016806,1
25.34,0,0,0,1,0,0,3.0,0.0,700.0,230.0,0.01610987857754375,90.7964620016806,1
25.36,0,0,0,1,0,0,3.0,0.0,700.0,230.0,0.01610987857754375,90.7964620016806,1
25.38,0,0,0,1,0,0,3.0,0.0,700.0,230.0,0.01610987857754375,90.7964620016806,1
25.4,0,0,0,1,0,0,3.0,0.0,700.0,230.0,0.01610987857754375,90.7964620016806,1
25.42,0,0,0,1,0,0,3.0,0.0,700.0,230.0,0.01610987857754375,90.7964620016806,1
25.44,0,0,0,1,0,0,3.0,0.0,700.0,230.0,0.01610987857754375,90.7964620016806,1
25.46,0,0,0,1,0,0,3.0,0.0,700.0,230.0,0.01610987857754375,90.7964620016806,1
25.48,0,0,0,1,0,0,3.0,0.0,700.0,230.0,0.01610987857754375,90.7964620016806,1
25.5,0,0,0,1,0,0,3.0,0.0,700.0,230.0,0.01610987857754375,90.7964620016806,1
25.52,0,0,0,1,0,0,3.0,0.0,700.0,230.0,0.01610987857754375,90.7964620016806,1
25.54,0,0,0,1,0,0,3.0,0.0,700.0,230.0,0.01610987857754375,90.7964620016806,1
25.56,0,0,0,1,0,0,3.0,0.0,700.0,230.0,0.01610987857754375,90.7964620016806,1
25.58,0,0,0,1,0,0,3.0,0.0,700.0,230.0,0.01610987857754375,90.7964620016806,1
25.6,0,0,0,1,0,0,3.0,0.0,700.0,230.0,0.01610987857754375,90.7964620016806,1
25.62,0,0,0,1,0,0,3.0,0.0,700.0,230.0,0.01610987857754375,90.7964620016806,1
25.64,0,0,0,1,0,0,3.0,0.0,700.0,230.0,0.01610987857754375,90.7964620016806,1
25.66,0,0,0,1,0,0,3.0,0.0,700.0,230.0,0.01610987857754375,90.7964620016806,1
25.68,0,0,0,1,0,0,3.0,0.0,700.0,230.0,0.01610987857754375,90.7964620016806,1
25.7,0,0,0,1,0,0,3.0,0.0,700.0,230.0,0.01610987857754375,90.7964620016806,1
25.72,0,0,0,1,0,0,3.0,0.0,700.0,230.0,0.01610987857754375,90.7964620016806,1
25.74,0,0,0,1,0,0,3.0,0.0,700.0,230.0,0.01610987857754375,90.7964620016806,1
25.76,0,0,0,1,0,0,3.0,0.0,700.0,230.0,0.01610987857754375,90.7964620016806,1
25.78,0,0,0,1,0,0,3.0,0.0,700.0,230.0,0.01610987857754375,90.7964620016806,1
25.8,0,0,0,1,0,0,3.0,0.0,700.0,230.0,0.01610987857754375,90.7964620016806,1
25.82,0,0,0,1,0,0,3.0,0.0,700.0,230.0,0.01610987857754375,90.7964620016806,1
25.84,0,0,0,1,0,0,3.0,0.0,700.0,230.0,0.01610987857754375,90.7964620016806,1
25.86,0,0,0,1,0,0,3.0,0.0,700.0,230.0,0.01610987857754375,90.7964620016806,1
25.88,0,0,0,1,0,0,3.0,0.0,700.0,230.0,0.01610987857754375,90.7964620016806,1
25.9,0,0,0,1,0,0,3.0,0.0,700.0,230.0,0.01610987857754375,90.7964620016806,1
25.92,0,0,0,1,0,0,3.0,0.0,700.0,230.0,0.01610987857754375,90.7964620016806,1
25.94,0,0,0,1,0,0,3.0,0.0,700.0,230.0,0.01610987857754375,90.7964620016806,1
25.96,0,0,0,1,0,0,3.0,0.0,700.0,230.0,0.01610987857754375,90.7964620016806,1
25.98,0,0,0,1,0,0,3.0,0.0,700.0,230.0,0.01610987857754375,90.7964620016806,1
26.0,0,0,0,1,0,0,3.0,0.0,700.0,230.0,0.01610987857754375,90.7964620016806,1
26.02,0,0,0,1,0,0,3.0,0.0,700.0,230.0,0.01610987857754375,90.7964620016806,1
26.04,0,0,0,1,0,0,3.0,0.0,700.0,230.0,0.01610987857754375,90.7964620016806,1
26.06,0,0,0,1,0,0,3.0,0.0,700.0,230.0,0.01610987857754375,90.7964620016806,1
26.08,0,0,0,1,0,0,3.0,0.0,700.0,230.0,0.01610987857754375,90.7964620016806,1
26.1,0,0,0,1,0,0,3.0,0.0,700.0,230.0,0.01610987857754375,90.7964620016806,1
26.12,0,0,0,1,0,0,3.0,0.0,700.0,230.0,0.01610987857754375,90.7964620016806,1
26.14,0,0,0,1,0,0,3.0,0.0,700.0,230.0,0.01610987857754375,90.7964620016806,1
26.16,0,0,0,1,0,0,3.0,0.0,700.0,230.0,0.01610987857754375,90.7964620016806,1
26.18,0,0,0,1,0,0,3.0,0.0,700.0,230.0,0.01610987857754375,90.7964620016806,1
26.2,0,0,0,1,0,0,3.0,0.0,700.0,230.0,0.01610987857754375,90.7964620016806,1
26.22,0,0,0,1,0,0,3.0,0.0,700.0,230.0,0.01610987857754375,90.7964620016806,1
26.24,0,0,0,1,0,0,3.0,0.0,700.0,230.0,0.01610987857754375,90.7964620016806,1
26.26,0,0,0,1,0,0,3.0,0.0,700.0,230.0,0.01610987857754375,90.7964620016806,1
26.28,0,0,0,1,0,0,3.0,0.0,700.0,230.0,0.01610987857754375,90.7964620016806,1
26.3,0,0,0,1,0,0,3.0,0.0,700.0,230.0,0.01610987857754375,90.7964620016806,1
26.32,0,0,0,1,0,0,3.0,0.0,700.0,230.0,0.01610987857754375,90.7964620016806,1
26.34,0,0,0,1,0,0,3.0,0.0,700.0,230.0,0.01610987857754375,90.7964620016806,1
26.36,0,0,0,1,0,0,3.0,0.0,700.0,230.0,0.01610987857754375,90.7964620016806,1
26.38,0,0,0,1,0,0,3.0,0.0,700.0,230.0,0.01610987857754375,90.7964620016806,1
26.4,0,0,0,1,0,0,3.0,0.0,700.0,230.0,0.01610987857754375,90.7964620016806,1
26.42,0,0,0,1,0,0,3.0,0.0,700.0,230.0,0.01610987857754375,90.7964620016806,1
26.44,0,0,0,1,0,0,3.0,0.0,700.0,230.0,0.01610987857754375,90.7964620016806,1
26.46,0,0,0,1,0,0,3.0,0.0,700.0,230.0,0.01610987857754375,90.7964620016806,1
26.48,0,0,0,1,0,0,3.0,0.0,700.0,230.0,0.01610987857754375,90.7964620016806,1
26.5,0,0,0,1,0,0,3.0,0.0,700.0,230.0,0.01610987857754375,90.7964620016806,1
26.52,0,0,0,1,0,0,3.0,0.0,700.0,230.0,0.01610987857754375,90.7964620016806,1
26.54,0,0,0,1,0,0,3.0,0.0,700.0,230.0,0.01610987857754375,90.7964620016806,1
26.56,0,0,0,1,0,0,3.0,0.0,700.0,230.0,0.01610987857754375,90.7964620016806,1
26.58,0,0,0,1,0,0,3.0,0.0,700.0,230.0,0.01610987857754375,90.7964620016806,1
26.6,0,0,0,1,0,0,3.0,0.0,700.0,230.0,0.01610987857754375,90.7964620016806,1
26.62,0,0,0,1,0,0,3.0,0.0,700.0,230.0,0.01610987857754375,90.7964620016806,1
26.64,0,0,0,1,0,0,3.0,0.0,700.0,230.0,0.01610987857754375,90.7964620016806,1
26.66,0,0,0,1,0,0,3.0,0.0,700.0,230.0,0.01610987857754375,90.7964620016806,1
26.68,0,0,0,1,0,0,3.0,0.0,700.0,230.0,0.01610987857754375,90.7964620016806,1
26.7,0,0,0,1,0,0,3.0,0.0,700.0,230.0,0.01610987857754375,90.7964620016806,1
26.72,0,0,0,1,0,0,3.0,0.0,700.0,230.0,0.01610987857754375,90.7964620016806,1
26.74,0,0,0,1,0,0,3.0,0.0,700.0,230.0,0.01610987857754375,90.7964620016806,1
26.76,0,0,0,1,0,0,3.0,0.0,700.0,230.0,0.01610987857754375,90.7964620016806,1
26.78,0,0,0,1,0,0,3.0,0.0,700.0,230.0,0.01610987857754375,90.7964620016806,1
26.8,0,0,0,1,0,0,3.0,0.0,700.0,230.0,0.01610987857754375,90.7964620016806,1
26.82,0,0,0,1,0,0,3.0,0.0,700.0,230.0,0.01610987857754375,90.7964620016806,1
26.84,0,0,0,1,0,0,3.0,0.0,700.0,230.0,0.01610987857754375,90.7964620016806,1
26.86,0,0,0,1,0,0,3.0,0.0,700.0,230.0,0.01610987857754375,90.7964620016806,1
26.88,0,0,0,1,0,0,3.0,0.0,700.0,230.0,0.01610987857754375,90.7964620016806,1
26.9,0,0,0,1,0,0,3.0,0.0,700.0,230.0,0.01610987857754375,90.7964620016806,1
26.92,0,0,0,1,0,0,3.0,0.0,700.0,230.0,0.01610987857754375,90.7964620016806,1
26.94,0,0,0,1,0,0,3.0,0.0,700.0,230.0,0.01610987857754375,90.7964620016806,1
26.96,0,0,0,1,0,0,3.0,0.0,700.0,230.0,0.01610987857754375,90.7964620016806,1
26.98,0,0,0,1,0,0,3.0,0.0,700.0,230.0,0.01610987857754375,90.7964620016806,1
27.0,0,0,0,1,0,0,3.0,0.0,700.0,230.0,0.01610987857754375,90.7964620016806,1
27.02,0,0,0,1,0,0,3.0,0.0,700.0,230.0,0.01610987857754375,90.7964620016806,1
27.04,0,0,0,1,0,0,3.0,0.0,700.0,230.0,0.01610987857754375,90.7964620016806,1
27.06,0,0,0,1,0,0,3.0,0.0,700.0,230.0,0.01610987857754375,90.7964620016806,1
27.08,0,0,0,1,0,0,3.0,0.0,700.0,230.0,0.01610987857754375,90.7964620016806,1
27.1,0,0,0,1,0,0,3.0,0.0,700.0,230.0,0.01610987857754375,90.7964620016806,1
27.12,0,0,0,1,0,0,3.0,0.0,700.0,230.0,0.01610987857754375,90.7964620016806,1
27.14,0,0,0,1,0,0,3.0,0.0,700.0,230.0,0.01610987857754375,90.7964620016806,1
27.16,0,0,0,1,0,0,3.0,0.0,700.0,230.0,0.01610987857754375,90.7964620016806,1
27.18,0,0,0,1,0,0,3.0,0.0,700.0,230.0,0.01610987857754375,90.7964620016806,1
27.2,0,0,0,1,0,0,3.0,0.0,700.0,230.0,0.01610987857754375,90.7964620016806,1
27.22,0,0,0,1,0,0,3.0,0.0,700.0,230.0,0.01610987857754375,90.7964620016806,1
27.24,0,0,0,1,0,0,3.0,0.0,700.0,230.0,0.01610987857754375,90.7964620016806,1
27.26,0,0,0,1,0,0,3.0,0.0,700.0,230.0,0.01610987857754375,90.7964620016806,1
27.28,0,0,0,1,0,0,3.0,0.0,700.0,230.0,0.01610987857754375,90.7964620016806,1
27.3,0,0,0,1,0,0,3.0,0.0,700.0,230.0,0.01610987857754375,90.7964620016806,1
27.32,0,0,0,1,0,0,3.0,0.0,700.0,230.0,0.01610987857754375,90.7964620016806,1
27.34,0,0,0,1,0,0,3.0,0.0,700.0,230.0,0.01610987857754375,90.7964620016806,1
27.36,0,0,0,1,0,0,3.0,0.0,700.0,230.0,0.01610987857754375,90.7964620016806,1
27.38,0,0,0,1,0,0,3.0,0.0,700.0,230.0,0.01610987857754375,90.7964620016806,1
27.4,0,0,0,1,0,0,3.0,0.0,700.0,230.0,0.01610987857754375,90.7964620016806,1
27.42,0,0,0,1,0,0,3.0,0.0,700.0,230.0,0.01610987857754375,90.7964620016806,1
27.44,0,0,0,1,0,0,3.0,0.0,700.0,230.0,0.01610987857754375,90.7964620016806,1
27.46,0,0,0,1,0,0,3.0,0.0,700.0,230.0,0.01610987857754375,90.7964620016806,1
27.48,0,0,0,1,0,0,3.0,0.0,700.0,230.0,0.01610987857754375,90.7964620016806,1
27.5,0,0,0,1,0,0,3.0,0.0,700.0,230.0,0.01610987857754375,90.7964620016806,1
27.52,0,0,0,1,0,0,3.0,0.0,700.0,230.0,0.01610987857754375,90.7964620016806,1
27.54,0,0,0,1,0,0,3.0,0.0,700.0,230.0,0.01610987857754375,90.7964620016806,1
27.56,0,0,0,1,0,0,3.0,0.0,700.0,230.0,0.01610987857754375,90.7964620016806,1
27.58,0,0,0,1,0,0,3.0,0.0,700.0,230.0,0.01610987857754375,90.7964620016806,1
27.6,0,0,0,1,0,0,3.0,0.0,700.0,230.0,0.01610987857754375,90.7964620016806,1
27.62,0,0,0,1,0,0,3.0,0.0,700.0,230.0,0.01610987857754375,90.7964620016806,1
27.64,0,0,0,1,0,0,3.0,0.0,700.0,230.0,0.01610987857754375,90.7964620016806,1
27.66,0,0,0,1,0,0,3.0,0.0,700.0,230.0,0.01610987857754375,90.7964620016806,1
27.68,0,0,0,1,0,0,3.0,0.0,700.0,230.0,0.01610987857754375,90.7964620016806,1
27.7,0,0,0,1,0,0,3.0,0.0,700.0,230.0,0.01610987857754375,90.7964620016806,1
27.72,0,0,0,1,0,0,3.0,0.0,700.0,230.0,0.01610987857754375,90.7964620016806,1
27.74,0,0,0,1,0,0,3.0,0.0,700.0,230.0,0.01610987857754375,90.7964620016806,1
27.76,0,0,0,1,0,0,3.0,0.0,700.0,230.0,0.01610987857754375,90.7964620016806,1
27.78,0,0,0,1,0,0,3.0,0.0,700.0,230.0,0.01610987857754375,90.7964620016806,1
27.8,0,0,0,1,0,0,3.0,0.0,700.0,230.0,0.01610987857754375,90.7964620016806,1
27.82,0,0,0,1,0,0,3.0,0.0,700.0,230.0,0.01610987857754375,90.7964620016806,1
27.84,0,0,0,1,0,0,3.0,0.0,700.0,230.0,0.01610987857754375,90.7964620016806,1
27.86,0,0,0,1,0,0,3.0,0.0,700.0,230.0,0.01610987857754375,90.7964620016806,1
27.88,0,0,0,1,0,0,3.0,0.0,700.0,230.0,0.01610987857754375,90.7964620016806,1
27.9,0,0,0,1,0,0,3.0,0.0,700.0,230.0,0.01610987857754375,90.7964620016806,1
27.92,0,0,0,1,0,0,3.0,0.0,700.0,230.0,0.01610987857754375,90.7964620016806,1
27.94,0,0,0,1,0,0,3.0,0.0,700.0,230.0,0.01610987857754375,90.7964620016806,1
27.96,0,0,0,1,0,0,3.0,0.0,700.0,230.0,0.01610987857754375,90.7964620016806,1
27.98,0,0,0,1,0,0,3.0,0.0,700.0,230.0,0.01610987857754375,90.7964620016806,1
28.0,0,0,0,1,0,0,3.0,0.0,700.0,230.0,0.01610987857754375,90.7964620016806,1
28.02,0,0,0,1,0,0,3.0,0.0,700.0,230.0,0.01610987857754375,90.7964620016806,1
28.04,0,0,0,1,0,0,3.0,0.0,700.0,230.0,0.01610987857754375,90.7964620016806,1
28.06,0,0,0,1,0,0,3.0,0.0,700.0,230.0,0.01610987857754375,90.7964620016806,1
28.08,0,0,0,1,0,0,3.0,0.0,700.0,230.0,0.01610987857754375,90.7964620016806,1
28.1,0,0,0,1,0,0,3.0,0.0,700.0,230.0,0.01610987857754375,90.7964620016806,1
28.12,0,0,0,1,0,0,3.0,0.0,700.0,230.0,0.01610987857754375,90.7964620016806,1
28.14,0,0,0,1,0,0,3.0,0.0,700.0,230.0,0.01610987857754375,90.7964620016806,1
28.16,0,0,0,1,0,0,3.0,0.0,700.0,230.0,0.01610987857754375,90.7964620016806,1
28.18,0,0,0,1,0,0,3.0,0.0,700.0,230.0,0.01610987857754375,90.7964620016806,1
28.2,0,0,0,1,0,0,3.0,0.0,700.0,230.0,0.01610987857754375,90.7964620016806,1
28.22,0,0,0,1,0,0,3.0,0.0,700.0,230.0,0.01610987857754375,90.7964620016806,1
28.24,0,0,0,1,0,0,3.0,0.0,700.0,230.0,0.01610987857754375,90.7964620016806,1
28.26,0,0,0,1,0,0,3.0,0.0,700.0,230.0,0.01610987857754375,90.7964620016806,1
28.28,0,0,0,1,0,0,3.0,0.0,700.0,230.0,0.01610987857754375,90.7964620016806,1
28.3,0,0,0,1,0,0,3.0,0.0,700.0,230.0,0.01610987857754375,90.7964620016806,1
28.32,0,0,0,1,0,0,3.0,0.0,700.0,230.0,0.01610987857754375,90.7964620016806,1
28.34,0,0,0,1,0,0,3.0,0.0,700.0,230.0,0.01610987857754375,90.7964620016806,1
28.36,0,0,0,1,0,0,3.0,0.0,700.0,230.0,0.01610987857754375,90.7964620016806,1
28.38,0,0,0,1,0,0,3.0,0.0,700.0,230.0,0.01610987857754375,90.7964620016806,1
28.4,0,0,0,1,0,0,3.0,0.0,700.0,230.0,0.01610987857754375,90.7964620016806,1
28.42,0,0,0,1,0,0,3.0,0.0,700.0,230.0,0.01610987857754375,90.7964620016806,1
28.44,0,0,0,1,0,0,3.0,0.0,700.0,230.0,0.01610987857754375,90.7964620016806,1
28.46,0,0,0,1,0,0,3.0,0.0,700.0,230.0,0.01610987857754375,90.7964620016806,1
28.48,0,0,0,1,0,0,3.0,0.0,700.0,230.0,0.01610987857754375,90.7964620016806,1
28.5,0,0,0,1,0,0,3.0,0.0,700.0,230.0,0.01610987857754375,90.7964620016806,1
28.52,0,0,0,1,0,0,3.0,0.0,700.0,230.0,0.01610987857754375,90.7964620016806,1
28.54,0,0,0,1,0,0,3.0,0.0,700.0,230.0,0.01610987857754375,90.7964620016806,1
28.56,0,0,0,1,0,0,3.0,0.0,700.0,230.0,0.01610987857754375,90.7964620016806,1
28.58,0,0,0,1,0,0,3.0,0.0,700.0,230.0,0.01610987857754375,90.7964620016806,1
28.6,0,0,0,1,0,0,3.0,0.0,700.0,230.0,0.01610987857754375,90.7964620016806,1
28.62,0,0,0,1,0,0,3.0,0.0,700.0,230.0,0.01610987857754375,90.7964620016806,1
28.64,0,0,0,1,0,0,3.0,0.0,700.0,230.0,0.01610987857754375,90.7964620016806,1
28.66,0,0,0,1,0,0,3.0,0.0,700.0,230.0,0.01610987857754375,90.7964620016806,1
28.68,0,0,0,1,0,0,3.0,0.0,700.0,230.0,0.01610987857754375,90.7964620016806,1
28.7,0,0,0,1,0,0,3.0,0.0,700.0,230.0,0.01610987857754375,90.7964620016806,1
28.72,0,0,0,1,0,0,3.0,0.0,700.0,230.0,0.01610987857754375,90.7964620016806,1
28.74,0,0,0,1,0,0,3.0,0.0,700.0,230.0,0.01610987857754375,90.7964620016806,1
28.76,0,0,0,1,0,0,3.0,0.0,700.0,230.0,0.01610987857754375,90.7964620016806,1
28.78,0,0,0,1,0,0,3.0,0.0,700.0,230.0,0.01610987857754375,90.7964620016806,1
28.8,0,0,0,1,0,0,3.0,0.0,700.0,230.0,0.01610987857754375,90.7964620016806,1
28.82,0,0,0,1,0,0,3.0,0.0,700.0,230.0,0.01610987857754375,90.7964620016806,1
28.84,0,0,0,1,0,0,3.0,0.0,700.0,230.0,0.01610987857754375,90.7964620016806,1
28.86,0,0,0,1,0,0,3.0,0.0,700.0,230.0,0.01610987857754375,90.7964620016806,1
28.88,0,0,0,1,0,0,3.0,0.0,700.0,230.0,0.01610987857754375,90.7964620016806,1
28.9,0,0,0,1,0,0,3.0,0.0,700.0,230.0,0.01610987857754375,90.7964620016806,1
28.92,0,0,0,1,0,0,3.0,0.0,700.0,230.0,0.01610987857754375,90.7964620016806,1
28.94,0,0,0,1,0,0,3.0,0.0,700.0,230.0,0.01610987857754375,90.7964620016806,1
28.96,0,0,0,1,0,0,3.0,0.0,700.0,230.0,0.01610987857754375,90.7964620016806,1
28.98,0,0,0,1,0,0,3.0,0.0,700.0,230.0,0.01610987857754375,90.7964620016806,1
29.0,0,0,0,1,0,0,3.0,0.0,700.0,230.0,0.01610987857754375,90.7964620016806,1
29.02,0,0,0,1,0,0,3.0,0.0,700.0,230.0,0.01610987857754375,90.7964620016806,1
29.04,0,0,0,1,0,0,3.0,0.0,700.0,230.0,0.01610987857754375,90.7964620016806,1
29.06,0,0,0,1,0,0,3.0,0.0,700.0,230.0,0.01610987857754375,90.7964620016806,1
29.08,0,0,0,1,0,0,3.0,0.0,700.0,230.0,0.01610987857754375,90.7964620016806,1
29.1,0,0,0,1,0,0,3.0,0.0,700.0,230.0,0.01610987857754375,90.7964620016806,1
29.12,0,0,0,1,0,0,3.0,0.0,700.0,230.0,0.01610987857754375,90.7964620016806,1
29.14,0,0,0,1,0,0,3.0,0.0,700.0,230.0,0.01610987857754375,90.7964620016806,1
29.16,0,0,0,1,0,0,3.0,0.0,700.0,230.0,0.01610987857754375,90.7964620016806,1
29.18,0,0,0,1,0,0,3.0,0.0,700.0,230.0,0.01610987857754375,90.7964620016806,1
29.2,0,0,0,1,0,0,3.0,0.0,700.0,230.0,0.01610987857754375,90.7964620016806,1
29.22,0,0,0,1,0,0,3.0,0.0,700.0,230.0,0.01610987857754375,90.7964620016806,1
29.24,0,0,0,1,0,0,3.0,0.0,700.0,230.0,0.01610987857754375,90.7964620016806,1
29.26,0,0,0,1,0,0,3.0,0.0,700.0,230.0,0.01610987857754375,90.7964620016806,1
29.28,0,0,0,1,0,0,3.0,0.0,700.0,230.0,0.01610987857754375,90.7964620016806,1
29.3,0,0,0,1,0,0,3.0,0.0,700.0,230.0,0.01610987857754375,90.7964620016806,1
29.32,0,0,0,1,0,0,3.0,0.0,700.0,230.0,0.01610987857754375,90.7964620016806,1
29.34,0,0,0,1,0,0,3.0,0.0,700.0,230.0,0.01610987857754375,90.7964620016806,1
29.36,0,0,0,1,0,0,3.0,0.0,700.0,230.0,0.01610987857754375,90.7964620016806,1
29.38,0,0,0,1,0,0,3.0,0.0,700.0,230.0,0.01610987857754375,90.7964620016806,1
29.4,0,0,0,1,0,0,3.0,0.0,700.0,230.0,0.01610987857754375,90.7964620016806,1
29.42,0,0,0,1,0,0,3.0,0.0,700.0,230.0,0.01610987857754375,90.7964620016806,1
29.44,0,0,0,1,0,0,3.0,0.0,700.0,230.0,0.01610987857754375,90.7964620016806,1
29.46,0,0,0,1,0,0,3.0,0.0,700.0,230.0,0.01610987857754375,90.7964620016806,1
29.48,0,0,0,1,0,0,3.0,0.0,700.0,230.0,0.01610987857754375,90.7964620016806,1
29.5,0,0,0,1,0,0,3.0,0.0,700.0,230.0,0.01610987857754375,90.7964620016806,1
29.52,0,0,0,1,0,0,3.0,0.0,700.0,230.0,0.01610987857754375,90.7964620016806,1
29.54,0,0,0,1,0,0,3.0,0.0,700.0,230.0,0.01610987857754375,90.7964620016806,1
29.56,0,0,0,1,0,0,3.0,0.0,700.0,230.0,0.01610987857754375,90.7964620016806,1
29.58,0,0,0,1,0,0,3.0,0.0,700.0,230.0,0.01610987857754375,90.7964620016806,1
29.6,0,0,0,1,0,0,3.0,0.0,700.0,230.0,0.01610987857754375,90.7964620016806,1
29.62,0,0,0,1,0,0,3.0,0.0,700.0,230.0,0.01610987857754375,90.7964620016806,1
29.64,0,0,0,1,0,0,3.0,0.0,700.0,230.0,0.01610987857754375,90.7964620016806,1
29.66,0,0,0,1,0,0,3.0,0.0,700.0,230.0,0.01610987857754375,90.7964620016806,1
29.68,0,0,0,1,0,0,3.0,0.0,700.0,230.0,0.01610987857754375,90.7964620016806,1
29.7,0,0,0,1,0,0,3.0,0.0,700.0,230.0,0.01610987857754375,90.7964620016806,1
29.72,0,0,0,1,0,0,3.0,0.0,700.0,230.0,0.01610987857754375,90.7964620016806,1
29.74,0,0,0,1,0,0,3.0,0.0,700.0,230.0,0.01610987857754375,90.7964620016806,1
29.76,0,0,0,1,0,0,3.0,0.0,700.0,230.0,0.01610987857754375,90.7964620016806,1
29.78,0,0,0,1,0,0,3.0,0.0,700.0,230.0,0.01610987857754375,90.7964620016806,1
29.8,0,0,0,1,0,0,3.0,0.0,700.0,230.0,0.01610987857754375,90.7964620016806,1
29.82,0,0,0,1,0,0,3.0,0.0,700.0,230.0,0.01610987857754375,90.7964620016806,1
29.84,0,0,0,1,0,0,3.0,0.0,700.0,230.0,0.01610987857754375,90.7964620016806,1
29.86,0,0,0,1,0,0,3.0,0.0,700.0,230.0,0.01610987857754375,90.7964620016806,1
29.88,0,0,0,1,0,0,3.0,0.0,700.0,230.0,0.01610987857754375,90.7964620016806,1
29.9,0,0,0,1,0,0,3.0,0.0,700.0,230.0,0.01610987857754375,90.7964620016806,1
29.92,0,0,0,1,0,0,3.0,0.0,700.0,230.0,0.01610987857754375,90.7964620016806,1
29.94,0,0,0,1,0,0,3.0,0.0,700.0,230.0,0.01610987857754375,90.7964620016806,1
29.96,0,0,0,1,0,0,3.0,0.0,700.0,230.0,0.01610987857754375,90.7964620016806,1
29.98,0,0,0,1,0,0,3.0,0.0,700.0,230.0,0.01610987857754375,90.7964620016806,1
30.0,0,0,0,1,0,0,3.0,0.0,700.0,230.0,0.01610987857754375,90.7964620016806,1
30.02,0,0,0,1,0,0,3.0,0.0,700.0,230.0,0.01610987857754375,90.7964620016806,1
30.04,0,0,0,1,0,0,3.0,0.0,700.0,230.0,0.01610987857754375,90.7964620016806,1
30.06,0,0,0,1,0,0,3.0,0.0,700.0,230.0,0.01610987857754375,90.7964620016806,1
30.08,0,0,0,1,0,0,3.0,0.0,700.0,230.0,0.01610987857754375,90.7964620016806,1
30.1,0,0,0,1,0,0,3.0,0.0,700.0,230.0,0.01610987857754375,90.7964620016806,1
30.12,0,0,0,1,0,0,3.0,0.0,700.0,230.0,0.01610987857754375,90.7964620016806,1
30.14,0,0,0,1,0,0,3.0,0.0,700.0,230.0,0.01610987857754375,90.7964620016806,1
30.16,0,0,0,1,0,0,3.0,0.0,700.0,230.0,0.01610987857754375,90.7964620016806,1
30.18,0,0,0,1,0,0,3.0,0.0,700.0,230.0,0.01610987857754375,90.7964620016806,1
30.2,0,0,0,1,0,0,3.0,0.0,700.0,230.0,0.01610987857754375,90.7964620016806,1
30.22,0,0,0,1,0,0,3.0,0.0,700.0,230.0,0.01610987857754375,90.7964620016806,1
30.24,0,0,0,1,0,0,3.0,0.0,700.0,230.0,0.01610987857754375,90.7964620016806,1
30.26,0,0,0,1,0,0,3.0,0.0,700.0,230.0,0.01610987857754375,90.7964620016806,1
30.28,0,0,0,1,0,0,3.0,0.0,700.0,230.0,0.01610987857754375,90.7964620016806,1
30.3,0,0,0,1,0,0,3.0,0.0,700.0,230.0,0.01610987857754375,90.7964620016806,1
30.32,0,0,0,1,0,0,3.0,0.0,700.0,230.0,0.01610987857754375,90.7964620016806,1
30.34,0,0,0,1,0,0,3.0,0.0,700.0,230.0,0.01610987857754375,90.7964620016806,1
30.36,0,0,0,1,0,0,3.0,0.0,700.0,230.0,0.01610987857754375,90.7964620016806,1
30.38,0,0,0,1,0,0,3.0,0.0,700.0,230.0,0.01610987857754375,90.7964620016806,1
30.4,0,0,0,1,0,0,3.0,0.0,700.0,230.0,0.01610987857754375,90.7964620016806,1
30.42,0,0,0,1,0,0,3.0,0.0,700.0,230.0,0.01610987857754375,90.7964620016806,1
30.44,0,0,0,1,0,0,3.0,0.0,700.0,230.0,0.01610987857754375,90.7964620016806,1
30.46,0,0,0,1,0,0,3.0,0.0,700.0,230.0,0.01610987857754375,90.7964620016806,1
30.48,0,0,0,1,0,0,3.0,0.0,700.0,230.0,0.01610987857754375,90.7964620016806,1
30.5,0,0,0,1,0,0,3.0,0.0,700.0,230.0,0.01610987857754375,90.7964620016806,1
30.52,0,0,0,1,0,0,3.0,0.0,700.0,230.0,0.01610987857754375,90.7964620016806,1
30.54,0,0,0,1,0,0,3.0,0.0,700.0,230.0,0.01610987857754375,90.7964620016806,1
30.56,0,0,0,1,0,0,3.0,0.0,700.0,230.0,0.01610987857754375,90.7964620016806,1
30.58,0,0,0,1,0,0,3.0,0.0,700.0,230.0,0.01610987857754375,90.7964620016806,1
30.6,0,0,0,1,0,0,3.0,0.0,700.0,230.0,0.01610987857754375,90.7964620016806,1
30.62,0,0,0,1,0,0,3.0,0.0,700.0,230.0,0.01610987857754375,90.7964620016806,1
30.64,0,0,0,1,0,0,3.0,0.0,700.0,230.0,0.01610987857754375,90.7964620016806,1
30.66,0,0,0,1,0,0,3.0,0.0,700.0,230.0,0.01610987857754375,90.7964620016806,1
30.68,0,0,0,1,0,0,3.0,0.0,700.0,230.0,0.01610987857754375,90.7964620016806,1
30.7,0,0,0,1,0,0,3.0,0.0,700.0,230.0,0.01610987857754375,90.7964620016806,1
30.72,0,0,0,1,0,0,3.0,0.0,700.0,230.0,0.01610987857754375,90.7964620016806,1
30.74,0,0,0,1,0,0,3.0,0.0,700.0,230.0,0.01610987857754375,90.7964620016806,1
30.76,0,0,0,1,0,0,3.0,0.0,700.0,230.0,0.01610987857754375,90.7964620016806,1
30.78,0,0,0,1,0,0,3.0,0.0,700.0,230.0,0.01610987857754375,90.7964620016806,1
30.8,0,0,0,1,0,0,3.0,0.0,700.0,230.0,0.01610987857754375,90.7964620016806,1
30.82,0,0,0,1,0,0,3.0,0.0,700.0,230.0,0.01610987857754375,90.7964620016806,1
30.84,0,0,0,1,0,0,3.0,0.0,700.0,230.0,0.01610987857754375,90.7964620016806,1
30.86,0,0,0,1,0,0,3.0,0.0,700.0,230.0,0.01610987857754375,90.7964620016806,1
30.88,0,0,0,1,0,0,3.0,0.0,700.0,230.0,0.01610987857754375,90.7964620016806,1
30.9,0,0,0,1,0,0,3.0,0.0,700.0,230.0,0.01610987857754375,90.7964620016806,1
30.92,0,0,0,1,0,0,3.0,0.0,700.0,230.0,0.01610987857754375,90.7964620016806,1
30.94,0,0,0,1,0,0,3.0,0.0,700.0,230.0,0.01610987857754375,90.7964620016806,1
30.96,0,0,0,1,0,0,3.0,0.0,700.0,230.0,0.01610987857754375,90.7964620016806,1
30.98,0,0,0,1,0,0,3.0,0.0,700.0,230.0,0.01610987857754375,90.7964620016806,1
31.0,0,0,0,1,0,0,3.0,0.0,700.0,230.0,0.01610987857754375,90.7964620016806,1
31.02,0,0,0,1,0,0,3.0,0.0,700.0,230.0,0.01610987857754375,90.7964620016806,1
31.04,0,0,0,1,0,0,3.0,0.0,700.0,230.0,0.01610987857754375,90.7964620016806,1
31.06,0,0,0,1,0,0,3.0,0.0,700.0,230.0,0.01610987857754375,90.7964620016806,1
31.08,0,0,0,1,0,0,3.0,0.0,700.0,230.0,0.01610987857754375,90.7964620016806,1
31.1,0,0,0,1,0,0,3.0,0.0,700.0,230.0,0.01610987857754375,90.7964620016806,1
31.12,0,0,0,1,0,0,3.0,0.0,700.0,230.0,0.01610987857754375,90.7964620016806,1
31.14,0,0,0,1,0,0,3.0,0.0,700.0,230.0,0.01610987857754375,90.7964620016806,1
31.16,0,0,0,1,0,0,3.0,0.0,700.0,230.0,0.01610987857754375,90.7964620016806,1
31.18,0,0,0,1,0,0,3.0,0.0,700.0,230.0,0.01610987857754375,90.7964620016806,1
31.2,0,0,0,1,0,0,3.0,0.0,700.0,230.0,0.01610987857754375,90.7964620016806,1
31.22,0,0,0,1,0,0,3.0,0.0,700.0,230.0,0.01610987857754375,90.7964620016806,1
31.24,0,0,0,1,0,0,3.0,0.0,700.0,230.0,0.01610987857754375,90.7964620016806,1
31.26,0,0,0,1,0,0,3.0,0.0,700.0,230.0,0.01610987857754375,90.7964620016806,1
31.28,0,0,0,1,0,0,3.0,0.0,700.0,230.0,0.01610987857754375,90.7964620016806,1
31.3,0,0,0,1,0,0,3.0,0.0,700.0,230.0,0.01610987857754375,90.7964620016806,1
31.32,0,0,0,1,0,0,3.0,0.0,700.0,230.0,0.01610987857754375,90.7964620016806,1
31.34,0,0,0,1,0,0,3.0,0.0,700.0,230.0,0.01610987857754375,90.7964620016806,1
31.36,0,0,0,1,0,0,3.0,0.0,700.0,230.0,0.01610987857754375,90.7964620016806,1
31.38,0,0,0,1,0,0,3.0,0.0,700.0,230.0,0.01610987857754375,90.7964620016806,1
31.4,0,0,0,1,0,0,3.0,0.0,700.0,230.0,0.01610987857754375,90.7964620016806,1
31.42,0,0,0,1,0,0,3.0,0.0,700.0,230.0,0.01610987857754375,90.7964620016806,1
31.44,0,0,0,1,0,0,3.0,0.0,700.0,230.0,0.01610987857754375,90.7964620016806,1
31.46,0,0,0,1,0,0,3.0,0.0,700.0,230.0,0.01610987857754375,90.7964620016806,1
31.48,0,0,0,1,0,0,3.0,0.0,700.0,230.0,0.01610987857754375,90.7964620016806,1
31.5,0,0,0,1,0,0,3.0,0.0,700.0,230.0,0.01610987857754375,90.7964620016806,1
31.52,0,0,0,1,0,0,3.0,0.0,700.0,230.0,0.01610987857754375,90.7964620016806,1
31.54,0,0,0,1,0,0,3.0,0.0,700.0,230.0,0.01610987857754375,90.7964620016806,1
31.56,0,0,0,1,0,0,3.0,0.0,700.0,230.0,0.01610987857754375,90.7964620016806,1
31.58,0,0,0,1,0,0,3.0,0.0,700.0,230.0,0.01610987857754375,90.7964620016806,1
31.6,0,0,0,1,0,0,3.0,0.0,700.0,230.0,0.01610987857754375,90.7964620016806,1
31.62,0,0,0,1,0,0,3.0,0.0,700.0,230.0,0.01610987857754375,90.7964620016806,1
31.64,0,0,0,1,0,0,3.0,0.0,700.0,230.0,0.01610987857754375,90.7964620016806,1
31.66,0,0,0,1,0,0,3.0,0.0,700.0,230.0,0.01610987857754375,90.7964620016806,1
31.68,0,0,0,1,0,0,3.0,0.0,700.0,230.0,0.01610987857754375,90.7964620016806,1
31.7,0,0,0,1,0,0,3.0,0.0,700.0,230.0,0.01610987857754375,90.7964620016806,1
31.72,0,0,0,1,0,0,3.0,0.0,700.0,230.0,0.01610987857754375,90.7964620016806,1
31.74,0,0,0,1,0,0,3.0,0.0,700.0,230.0,0.01610987857754375,90.7964620016806,1
31.76,0,0,0,1,0,0,3.0,0.0,700.0,230.0,0.01610987857754375,90.7964620016806,1
31.78,0,0,0,1,0,0,3.0,0.0,700.0,230.0,0.01610987857754375,90.7964620016806,1
31.8,0,0,0,1,0,0,3.0,0.0,700.0,230.0,0.01610987857754375,90.7964620016806,1
31.82,0,0,0,1,0,0,3.0,0.0,700.0,230.0,0.01610987857754375,90.7964620016806,1
31.84,0,0,0,1,0,0,3.0,0.0,700.0,230.0,0.01610987857754375,90.7964620016806,1
31.86,0,0,0,1,0,0,3.0,0.0,700.0,230.0,0.01610987857754375,90.7964620016806,1
31.88,0,0,0,1,0,0,3.0,0.0,700.0,230.0,0.01610987857754375,90.7964620016806,1
31.9,0,0,0,1,0,0,3.0,0.0,700.0,230.0,0.01610987857754375,90.7964620016806,1
31.92,0,0,0,1,0,0,3.0,0.0,700.0,230.0,0.01610987857754375,90.7964620016806,1
31.94,0,0,0,1,0,0,3.0,0.0,700.0,230.0,0.01610987857754375,90.7964620016806,1
31.96,0,0,0,1,0,0,3.0,0.0,700.0,230.0,0.01610987857754375,90.7964620016806,1
31.98,0,0,0,1,0,0,3.0,0.0,700.0,230.0,0.01610987857754375,90.7964620016806,1
32.0,0,0,0,1,0,0,3.0,0.0,700.0,230.0,0.01610987857754375,90.7964620016806,1
32.02,0,0,0,1,0,0,3.0,0.0,700.0,230.0,0.01610987857754375,90.7964620016806,1
32.04,0,0,0,1,0,0,3.0,0.0,700.0,230.0,0.01610987857754375,90.7964620016806,1
32.06,0,0,0,1,0,0,3.0,0.0,700.0,230.0,0.01610987857754375,90.7964620016806,1
32.08,0,0,0,1,0,0,3.0,0.0,700.0,230.0,0.01610987857754375,90.7964620016806,1
32.1,0,0,0,1,0,0,3.0,0.0,700.0,230.0,0.01610987857754375,90.7964620016806,1
32.12,0,0,0,1,0,0,3.0,0.0,700.0,230.0,0.01610987857754375,90.7964620016806,1
32.14,0,0,0,1,0,0,3.0,0.0,700.0,230.0,0.01610987857754375,90.7964620016806,1
32.16,0,0,0,1,0,0,3.0,0.0,700.0,230.0,0.01610987857754375,90.7964620016806,1
32.18,0,0,0,1,0,0,3.0,0.0,700.0,230.0,0.01610987857754375,90.7964620016806,1
32.2,0,0,0,1,0,0,3.0,0.0,700.0,230.0,0.01610987857754375,90.7964620016806,1
32.22,0,0,0,1,0,0,3.0,0.0,700.0,230.0,0.01610987857754375,90.7964620016806,1
32.24,0,0,0,1,0,0,3.0,0.0,700.0,230.0,0.01610987857754375,90.7964620016806,1
32.26,0,0,0,1,0,0,3.0,0.0,700.0,230.0,0.01610987857754375,90.7964620016806,1
32.28,0,0,0,1,0,0,3.0,0.0,700.0,230.0,0.01610987857754375,90.7964620016806,1
32.3,0,0,0,1,0,0,3.0,0.0,700.0,230.0,0.01610987857754375,90.7964620016806,1
32.32,0,0,0,1,0,0,3.0,0.0,700.0,230.0,0.01610987857754375,90.7964620016806,1
32.34,0,0,0,1,0,0,3.0,0.0,700.0,230.0,0.01610987857754375,90.7964620016806,1
32.36,0,0,0,1,0,0,3.0,0.0,700.0,230.0,0.01610987857754375,90.7964620016806,1
32.38,0,0,0,1,0,0,3.0,0.0,700.0,230.0,0.01610987857754375,90.7964620016806,1
32.4,0,0,0,1,0,0,3.0,0.0,700.0,230.0,0.01610987857754375,90.7964620016806,1
32.42,0,0,0,1,0,0,3.0,0.0,700.0,230.0,0.01610987857754375,90.7964620016806,1
32.44,0,0,0,1,0,0,3.0,0.0,700.0,230.0,0.01610987857754375,90.7964620016806,1
32.46,0,0,0,1,0,0,3.0,0.0,700.0,230.0,0.01610987857754375,90.7964620016806,1
32.48,0,0,0,1,0,0,3.0,0.0,700.0,230.0,0.01610987857754375,90.7964620016806,1
32.5,0,0,0,1,0,0,3.0,0.0,700.0,230.0,0.01610987857754375,90.7964620016806,1
32.52,0,0,0,1,0,0,3.0,0.0,700.0,230.0,0.01610987857754375,90.7964620016806,1
32.54,0,0,0,1,0,0,3.0,0.0,700.0,230.0,0.01610987857754375,90.7964620016806,1
32.56,0,0,0,1,0,0,3.0,0.0,700.0,230.0,0.01610987857754375,90.7964620016806,1
32.58,0,0,0,1,0,0,3.0,0.0,700.0,230.0,0.01610987857754375,90.7964620016806,1
32.6,0,0,0,1,0,0,3.0,0.0,700.0,230.0,0.01610987857754375,90.7964620016806,1
32.62,0,0,0,1,0,0,3.0,0.0,700.0,230.0,0.01610987857754375,90.7964620016806,1
32.64,0,0,0,1,0,0,3.0,0.0,700.0,230.0,0.01610987857754375,90.7964620016806,1
32.66,0,0,0,1,0,0,3.0,0.0,700.0,230.0,0.01610987857754375,90.7964620016806,1
32.68,0,0,0,1,0,0,3.0,0.0,700.0,230.0,0.01610987857754375,90.7964620016806,1
32.7,0,0,0,1,0,0,3.0,0.0,700.0,230.0,0.01610987857754375,90.7964620016806,1
32.72,0,0,0,1,0,0,3.0,0.0,700.0,230.0,0.01610987857754375,90.7964620016806,1
32.74,0,0,0,1,0,0,3.0,0.0,700.0,230.0,0.01610987857754375,90.7964620016806,1
32.76,0,0,0,1,0,0,3.0,0.0,700.0,230.0,0.01610987857754375,90.7964620016806,1
32.78,0,0,0,1,0,0,3.0,0.0,700.0,230.0,0.01610987857754375,90.7964620016806,1
32.8,0,0,0,1,0,0,3.0,0.0,700.0,230.0,0.01610987857754375,90.7964620016806,1
32.82,0,0,0,1,0,0,3.0,0.0,700.0,230.0,0.01610987857754375,90.7964620016806,1
32.84,0,0,0,1,0,0,3.0,0.0,700.0,230.0,0.01610987857754375,90.7964620016806,1
32.86,0,0,0,1,0,0,3.0,0.0,700.0,230.0,0.01610987857754375,90.7964620016806,1
32.88,0,0,0,1,0,0,3.0,0.0,700.0,230.0,0.01610987857754375,90.7964620016806,1
32.9,0,0,0,1,0,0,3.0,0.0,700.0,230.0,0.01610987857754375,90.7964620016806,1
32.92,0,0,0,1,0,0,3.0,0.0,700.0,230.0,0.01610987857754375,90.7964620016806,1
32.94,0,0,0,1,0,0,3.0,0.0,700.0,230.0,0.01610987857754375,90.7964620016806,1
32.96,0,0,0,1,0,0,3.0,0.0,700.0,230.0,0.01610987857754375,90.7964620016806,1
32.98,0,0,0,1,0,0,3.0,0.0,700.0,230.0,0.01610987857754375,90.7964620016806,1
33.0,0,0,0,1,0,0,3.0,0.0,700.0,230.0,0.01610987857754375,90.7964620016806,1
33.02,0,0,0,1,0,0,3.0,0.0,700.0,230.0,0.01610987857754375,90.7964620016806,1
33.04,0,0,0,1,0,0,3.0,0.0,700.0,230.0,0.01610987857754375,90.7964620016806,1
33.06,0,0,0,1,0,0,3.0,0.0,700.0,230.0,0.01610987857754375,90.7964620016806,1
33.08,0,0,0,1,0,0,3.0,0.0,700.0,230.0,0.01610987857754375,90.7964620016806,1
33.1,0,0,0,1,0,0,3.0,0.0,700.0,230.0,0.01610987857754375,90.7964620016806,1
33.12,0,0,0,1,0,0,3.0,0.0,700.0,230.0,0.01610987857754375,90.7964620016806,1
33.14,0,0,0,1,0,0,3.0,0.0,700.0,230.0,0.01610987857754375,90.7964620016806,1
33.16,0,0,0,1,0,0,3.0,0.0,700.0,230.0,0.01610987857754375,90.7964620016806,1
33.18,0,0,0,1,0,0,3.0,0.0,700.0,230.0,0.01610987857754375,90.7964620016806,1
33.2,0,0,0,1,0,0,3.0,0.0,700.0,230.0,0.01610987857754375,90.7964620016806,1
33.22,0,0,0,1,0,0,3.0,0.0,700.0,230.0,0.01610987857754375,90.7964620016806,1
33.24,0,0,0,1,0,0,3.0,0.0,700.0,230.0,0.01610987857754375,90.7964620016806,1
33.26,0,0,0,1,0,0,3.0,0.0,700.0,230.0,0.01610987857754375,90.7964620016806,1
33.28,0,0,0,1,0,0,3.0,0.0,700.0,230.0,0.01610987857754375,90.7964620016806,1
33.3,0,0,0,1,0,0,3.0,0.0,700.0,230.0,0.01610987857754375,90.7964620016806,1
33.32,0,0,0,1,0,0,3.0,0.0,700.0,230.0,0.01610987857754375,90.7964620016806,1
33.34,0,0,0,1,0,0,3.0,0.0,700.0,230.0,0.01610987857754375,90.7964620016806,1
33.36,0,0,0,1,0,0,3.0,0.0,700.0,230.0,0.01610987857754375,90.7964620016806,1
33.38,0,0,0,1,0,0,3.0,0.0,700.0,230.0,0.01610987857754375,90.7964620016806,1
33.4,0,0,0,1,0,0,3.0,0.0,700.0,230.0,0.01610987857754375,90.7964620016806,1
33.42,0,0,0,1,0,0,3.0,0.0,700.0,230.0,0.01610987857754375,90.7964620016806,1
33.44,0,0,0,1,0,0,3.0,0.0,700.0,230.0,0.01610987857754375,90.7964620016806,1
33.46,0,0,0,1,0,0,3.0,0.0,700.0,230.0,0.01610987857754375,90.7964620016806,1
33.48,0,0,0,1,0,0,3.0,0.0,700.0,230.0,0.01610987857754375,90.7964620016806,1
33.5,0,0,0,1,0,0,3.0,0.0,700.0,230.0,0.01610987857754375,90.7964620016806,1
33.52,0,0,0,1,0,0,3.0,0.0,700.0,230.0,0.01610987857754375,90.7964620016806,1
33.54,0,0,0,1,0,0,3.0,0.0,700.0,230.0,0.01610987857754375,90.7964620016806,1
33.56,0,0,0,1,0,0,3.0,0.0,700.0,230.0,0.01610987857754375,90.7964620016806,1
33.58,0,0,0,1,0,0,3.0,0.0,700.0,230.0,0.01610987857754375,90.7964620016806,1
33.6,0,0,0,1,0,0,3.0,0.0,700.0,230.0,0.01610987857754375,90.7964620016806,1
33.62,0,0,0,1,0,0,3.0,0.0,700.0,230.0,0.01610987857754375,90.7964620016806,1
33.64,0,0,0,1,0,0,3.0,0.0,700.0,230.0,0.01610987857754375,90.7964620016806,1
33.66,0,0,0,1,0,0,3.0,0.0,700.0,230.0,0.01610987857754375,90.7964620016806,1
33.68,0,0,0,1,0,0,3.0,0.0,700.0,230.0,0.01610987857754375,90.7964620016806,1
33.7,0,0,0,1,0,0,3.0,0.0,700.0,230.0,0.01610987857754375,90.7964620016806,1
33.72,0,0,0,1,0,0,3.0,0.0,700.0,230.0,0.01610987857754375,90.7964620016806,1
33.74,0,0,0,1,0,0,3.0,0.0,700.0,230.0,0.01610987857754375,90.7964620016806,1
33.76,0,0,0,1,0,0,3.0,0.0,700.0,230.0,0.01610987857754375,90.7964620016806,1
33.78,0,0,0,1,0,0,3.0,0.0,700.0,230.0,0.01610987857754375,90.7964620016806,1
33.8,0,0,0,1,0,0,3.0,0.0,700.0,230.0,0.01610987857754375,90.7964620016806,1
33.82,0,0,0,1,0,0,3.0,0.0,700.0,230.0,0.01610987857754375,90.7964620016806,1
33.84,0,0,0,1,0,0,3.0,0.0,700.0,230.0,0.01610987857754375,90.7964620016806,1
33.86,0,0,0,1,0,0,3.0,0.0,700.0,230.0,0.01610987857754375,90.7964620016806,1
33.88,0,0,0,1,0,0,3.0,0.0,700.0,230.0,0.01610987857754375,90.7964620016806,1
33.9,0,0,0,1,0,0,3.0,0.0,700.0,230.0,0.01610987857754375,90.7964620016806,1
33.92,0,0,0,1,0,0,3.0,0.0,700.0,230.0,0.01610987857754375,90.7964620016806,1
33.94,0,0,0,1,0,0,3.0,0.0,700.0,230.0,0.01610987857754375,90.7964620016806,1
33.96,0,0,0,1,0,0,3.0,0.0,700.0,230.0,0.01610987857754375,90.7964620016806,1
33.98,0,0,0,1,0,0,3.0,0.0,700.0,230.0,0.01610987857754375,90.7964620016806,1
34.0,0,0,0,1,0,0,3.0,0.0,700.0,230.0,0.01610987857754375,90.7964620016806,1
34.02,0,0,0,1,0,0,3.0,0.0,700.0,230.0,0.01610987857754375,90.7964620016806,1
34.04,0,0,0,1,0,0,3.0,0.0,700.0,230.0,0.01610987857754375,90.7964620016806,1
34.06,0,0,0,1,0,0,3.0,0.0,700.0,230.0,0.01610987857754375,90.7964620016806,1
34.08,0,0,0,1,0,0,3.0,0.0,700.0,230.0,0.01610987857754375,90.7964620016806,1
34.1,0,0,0,1,0,0,3.0,0.0,700.0,230.0,0.01610987857754375,90.7964620016806,1
34.12,0,0,0,1,0,0,3.0,0.0,700.0,230.0,0.01610987857754375,90.7964620016806,1
34.14,0,0,0,1,0,0,3.0,0.0,700.0,230.0,0.01610987857754375,90.7964620016806,1
34.16,0,0,0,1,0,0,3.0,0.0,700.0,230.0,0.01610987857754375,90.7964620016806,1
34.18,0,0,0,1,0,0,3.0,0.0,700.0,230.0,0.01610987857754375,90.7964620016806,1
34.2,0,0,0,1,0,0,3.0,0.0,700.0,230.0,0.01610987857754375,90.7964620016806,1
34.22,0,0,0,1,0,0,3.0,0.0,700.0,230.0,0.01610987857754375,90.7964620016806,1
34.24,0,0,0,1,0,0,3.0,0.0,700.0,230.0,0.01610987857754375,90.7964620016806,1
34.26,0,0,0,1,0,0,3.0,0.0,700.0,230.0,0.01610987857754375,90.7964620016806,1
34.28,0,0,0,1,0,0,3.0,0.0,700.0,230.0,0.01610987857754375,90.7964620016806,1
34.3,0,0,0,1,0,0,3.0,0.0,700.0,230.0,0.01610987857754375,90.7964620016806,1
34.32,0,0,0,1,0,0,3.0,0.0,700.0,230.0,0.01610987857754375,90.7964620016806,1
34.34,0,0,0,1,0,0,3.0,0.0,700.0,230.0,0.01610987857754375,90.7964620016806,1
34.36,0,0,0,1,0,0,3.0,0.0,700.0,230.0,0.01610987857754375,90.7964620016806,1
34.38,0,0,0,1,0,0,3.0,0.0,700.0,230.0,0.01610987857754375,90.7964620016806,1
34.4,0,0,0,1,0,0,3.0,0.0,700.0,230.0,0.01610987857754375,90.7964620016806,1
34.42,0,0,0,1,0,0,3.0,0.0,700.0,230.0,0.01610987857754375,90.7964620016806,1
34.44,0,0,0,1,0,0,3.0,0.0,700.0,230.0,0.01610987857754375,90.7964620016806,1
34.46,0,0,0,1,0,0,3.0,0.0,700.0,230.0,0.01610987857754375,90.7964620016806,1
34.48,0,0,0,1,0,0,3.0,0.0,700.0,230.0,0.01610987857754375,90.7964620016806,1
34.5,0,0,0,1,0,0,3.0,0.0,700.0,230.0,0.01610987857754375,90.7964620016806,1
34.52,0,0,0,1,0,0,3.0,0.0,700.0,230.0,0.01610987857754375,90.7964620016806,1
34.54,0,0,0,1,0,0,3.0,0.0,700.0,230.0,0.01610987857754375,90.7964620016806,1
34.56,0,0,0,1,0,0,2.999956590686214,-0.008675493085589764,700.0,230.0,0.01610987857754375,90.7964620016806,1
34.58,0,0,0,1,0,0,2.9996104627168516,-0.025911825163121054,700.0,230.0,0.01610987857754375,90.7964620016806,1
34.6,0,0,0,1,0,0,2.998921136827186,-0.04299528511580267,700.0,230.0,0.01610987857754375,90.7964620016806,1
34.62,0,0,0,1,0,0,2.9978916704597167,-0.059925872943621644,700.0,230.0,0.01610987857754375,90.7964620016806,1
34.64,0,0,0,1,0,0,2.996525121056941,-0.07670358864659042,700.0,230.0,0.01610987857754375,90.7964620016806,1
34.66,0,0,0,1,0,0,2.9948245460613534,-0.09332843222469753,700.0,230.0,0.01610987857754375,90.7964620016806,1
34.68,0,0,0,1,0,0,2.992793002915453,-0.1098004036779539,700.0,230.0,0.01610987857754375,90.7964620016806,1
34.7,0,0,0,1,0,0,2.9904335490617338,-0.126119503006354,700.0,230.0,0.01610987857754375,90.7964620016806,1
34.72,0,0,0,1,0,0,2.987749241942697,-0.14228573020989224,700.0,230.0,0.01610987857754375,90.7964620016806,1
34.74,0,0,0,1,0,0,2.9847431390008374,-0.15829908528858036,700.0,230.0,0.01610987857754375,90.7964620016806,1
34.76,0,0,0,1,0,0,2.981418297678653,-0.17415956824240628,700.0,230.0,0.01610987857754375,90.7964620016806,1
34.78,0,0,0,1,0,0,2.977777775418639,-0.1898671790713816,700.0,230.0,0.01610987857754375,90.7964620016806,1
34.8,0,0,0,1,0,0,2.973824629663298,-0.2054219177754956,700.0,230.0,0.01610987857754375,90.7964620016806,1
34.82,0,0,0,1,0,0,2.9695619178551196,-0.22082378435475847,700.0,230.0,0.01610987857754375,90.7964620016806,1
34.84,0,0,0,1,0,0,2.9649926974366045,-0.23607277880916513,700.0,230.0,0.01610987857754375,90.7964620016806,1
34.86,0,0,0,1,0,0,2.9601200258502525,-0.25116890113871065,700.0,230.0,0.01610987857754375,90.7964620016806,1
34.88,0,0,0,1,0,0,2.954946960538556,-0.26611215134340493,700.0,230.0,0.01610987857754375,90.7964620016806,1
34.9,0,0,0,1,0,0,2.9494765589440153,-0.28090252942323773,700.0,230.0,0.01610987857754375,90.7964620016806,1
34.92,0,0,0,1,0,0,2.9437118785091254,-0.29554003537821966,700.0,230.0,0.01610987857754375,90.7964620016806,1
34.94,0,0,0,1,0,0,2.9376559766763854,-0.31002466920834054,700.0,230.0,0.01610987857754375,90.7964620016806,1
34.96,0,0,0,1,0,0,2.9313119108882906,-0.32435643091360994,700.0,230.0,0.01610987857754375,90.7964620016806,1
34.98,0,0,0,1,0,0,2.9246827385873413,-0.33853532049401824,700.0,230.0,0.01610987857754375,90.7964620016806,1
35.0,0,0,0,1,0,0,2.9177715172160283,-0.3525613379495756,700.0,230.0,0.01610987857754375,90.7964620016806,1
35.02,0,0,0,1,0,0,2.910581304216855,-0.36643448328027645,700.0,230.0,0.01610987857754375,90.7964620016806,1
35.04,0,0,0,1,0,0,2.9031151570323175,-0.3801547564861162,700.0,230.0,0.01610987857754375,90.7964620016806,1
35.06,0,0,0,1,0,0,2.89537613310491,-0.39372215756710494,700.0,230.0,0.01610987857754375,90.7964620016806,1
35.08,0,0,0,1,0,0,2.8873672898771328,-0.40713668652323237,700.0,230.0,0.01610987857754375,90.7964620016806,1
35.1,0,0,0,1,0,0,2.879091684791479,-0.4203983433545084,700.0,230.0,0.01610987857754375,90.7964620016806,1
35.12,0,0,0,1,0,0,2.8705523752904516,-0.43350712806092356,700.0,230.0,0.01610987857754375,90.7964620016806,1
35.14,0,0,0,1,0,0,2.8617524188165406,-0.44646304064248754,700.0,230.0,0.01610987857754375,90.7964620016806,1
35.16,0,0,0,1,0,0,2.8526948728122523,-0.45926608109919026,700.0,230.0,0.01610987857754375,90.7964620016806,1
35.18,0,0,0,1,0,0,2.8433827947200725,-0.4719162494310415,700.0,230.0,0.01610987857754375,90.7964620016806,1
35.2,0,0,0,1,0,0,2.833819241982506,-0.4844135456380368,700.0,230.0,0.01610987857754375,90.7964620016806,1
35.22,0,0,0,1,0,0,2.8240072720420506,-0.4967579697201711,700.0,230.0,0.01610987857754375,90.7964620016806,1
35.24,0,0,0,1,0,0,2.8139499423411984,-0.5089495216774537,700.0,230.0,0.01610987857754375,90.7964620016806,1
35.26,0,0,0,1,0,0,2.8036503103224533,-0.5209882015098757,700.0,230.0,0.01610987857754375,90.7964620016806,1
35.28,0,0,0,1,0,0,2.7931114334283027,-0.5328740092174461,700.0,230.0,0.01610987857754375,90.7964620016806,1
35.3,0,0,0,1,0,0,2.782336369101256,-0.5446069448001559,700.0,230.0,0.01610987857754375,90.7964620016806,1
35.32,0,0,0,1,0,0,2.771328174783797,-0.5561870082580137,700.0,230.0,0.01610987857754375,90.7964620016806,1
35.34,0,0,0,1,0,0,2.76008990791843,-0.5676141995910156,700.0,230.0,0.01610987857754375,90.7964620016806,1
35.36,0,0,0,1,0,0,2.748624625947655,-0.5788885187991567,700.0,230.0,0.01610987857754375,90.7964620016806,1
35.38,0,0,0,1,0,0,2.736935386313962,-0.5900099658824458,700.0,230.0,0.01610987857754375,90.7964620016806,1
35.4,0,0,0,1,0,0,2.725025246459857,-0.6009785408408749,700.0,230.0,0.01610987857754375,90.7964620016806,1
35.42,0,0,0,1,0,0,2.712897263827827,-0.6117942436744518,700.0,230.0,0.01610987857754375,90.7964620016806,1
35.44,0,0,0,1,0,0,2.7005544958603793,-0.6224570743831684,700.0,230.0,0.01610987857754375,90.7964620016806,1
35.46,0,0,0,1,0,0,2.6880000000000006,-0.6329670329670327,700.0,230.0,0.01610987857754375,90.7964620016806,1
35.48,0,0,0,1,0,0,2.675236833689197,-0.6433241194260374,700.0,230.0,0.01610987857754375,90.7964620016806,1
35.5,0,0,0,1,0,0,2.662268054370458,-0.6535283337601893,700.0,230.0,0.01610987857754375,90.7964620016806,1
35.52,0,0,0,1,0,0,2.649096719486285,-0.663579675969485,700.0,230.0,0.01610987857754375,90.7964620016806,1
35.54,0,0,0,1,0,0,2.6357258864791784,-0.6734781460539212,700.0,230.0,0.01610987857754375,90.7964620016806,1
35.56,0,0,0,1,0,0,2.6221586127916265,-0.6832237440135043,700.0,230.0,0.01610987857754375,90.7964620016806,1
35.58,0,0,0,1,0,0,2.6083979558661374,-0.692816469848228,700.0,230.0,0.01610987857754375,90.7964620016806,1
35.6,0,0,0,1,0,0,2.594446973145198,-0.7022563235580987,700.0,230.0,0.01610987857754375,90.7964620016806,1
35.62,0,0,0,1,0,0,2.5803087220713135,-0.7115433051431103,700.0,230.0,0.01610987857754375,90.7964620016806,1
35.64,0,0,0,1,0,0,2.565986260086973,-0.7206774146032686,700.0,230.0,0.01610987857754375,90.7964620016806,1
35.66,0,0,0,1,0,0,2.5514826446346834,-0.7296586519385677,700.0,230.0,0.01610987857754375,90.7964620016806,1
35.68,0,0,0,1,0,0,2.53680093315693,-0.738487017149014,700.0,230.0,0.01610987857754375,90.7964620016806,1
35.7,0,0,0,1,0,0,2.5219441830962164,-0.7471625102346037,700.0,230.0,0.01610987857754375,90.7964620016806,1
35.72,0,0,0,1,0,0,2.506915451895045,-0.7556851311953343,700.0,230.0,0.01610987857754375,90.7964620016806,1
35.74,0,0,0,1,0,0,2.4917177969959026,-0.7640548800312119,700.0,230.0,0.01610987857754375,90.7964620016806,1
35.76,0,0,0,1,0,0,2.4763542758412966,-0.7722717567422301,700.0,230.0,0.01610987857754375,90.7964620016806,1
35.78,0,0,0,1,0,0,2.460827945873713,-0.780335761328395,700.0,230.0,0.01610987857754375,90.7964620016806,1
35.8,0,0,0,1,0,0,2.44514186453566,-0.7882468937897009,700.0,230.0,0.01610987857754375,90.7964620016806,1
35.82,0,0,0,1,0,0,2.429299089269625,-0.7960051541261537,700.0,230.0,0.01610987857754375,90.7964620016806,1
35.84,0,0,0,1,0,0,2.413302677518109,-0.80361054233775,700.0,230.0,0.01610987857754375,90.7964620016806,1
35.86,0,0,0,1,0,0,2.397155686723615,-0.8110630584244874,700.0,230.0,0.01610987857754375,90.7964620016806,1
35.88,0,0,0,1,0,0,2.380861174328628,-0.8183627023863715,700.0,230.0,0.01610987857754375,90.7964620016806,1
35.9,0,0,0,1,0,0,2.364422197775659,-0.8255094742233967,700.0,230.0,0.01610987857754375,90.7964620016806,1
35.92,0,0,0,1,0,0,2.347841814507193,-0.8325033739355683,700.0,230.0,0.01610987857754375,90.7964620016806,1
35.94,0,0,0,1,0,0,2.3311230819657367,-0.8393444015228811,700.0,230.0,0.01610987857754375,90.7964620016806,1
35.96,0,0,0,1,0,0,2.3142690575937763,-0.8460325569853404,700.0,230.0,0.01610987857754375,90.7964620016806,1
35.98,0,0,0,1,0,0,2.2972827988338222,-0.852567840322941,700.0,230.0,0.01610987857754375,90.7964620016806,1
36.0,0,0,0,1,0,0,2.2801673631283594,-0.8589502515356876,700.0,230.0,0.01610987857754375,90.7964620016806,1
36.02,0,0,0,1,0,0,2.2629258079198893,-0.8651797906235782,700.0,230.0,0.01610987857754375,90.7964620016806,1
36.04,0,0,0,1,0,0,2.245561190650916,-0.8712564575866103,700.0,230.0,0.01610987857754375,90.7964620016806,1
36.06,0,0,0,1,0,0,2.228076568763924,-0.8771802524247883,700.0,230.0,0.01610987857754375,90.7964620016806,1
36.08,0,0,0,1,0,0,2.2104749997014235,-0.8829511751381082,700.0,230.0,0.01610987857754375,90.7964620016806,1
36.1,0,0,0,1,0,0,2.1927595409058998,-0.8885692257265737,700.0,230.0,0.01610987857754375,90.7964620016806,1
36.12,0,0,0,1,0,0,2.1749332498198606,-0.8940344041901815,700.0,230.0,0.01610987857754375,90.7964620016806,1
36.14,0,0,0,1,0,0,2.1569991838857923,-0.8993467105289346,700.0,230.0,0.01610987857754375,90.7964620016806,1
36.16,0,0,0,1,0,0,2.1389604005462033,-0.90450614474283,700.0,230.0,0.01610987857754375,90.7964620016806,1
36.18,0,0,0,1,0,0,2.1208199572435786,-0.9095127068318707,700.0,230.0,0.01610987857754375,90.7964620016806,1
36.2,0,0,0,1,0,0,2.102580911420422,-0.9143663967960554,700.0,230.0,0.01610987857754375,90.7964620016806,1
36.22,0,0,0,1,0,0,2.084246320519236,-0.9190672146353821,700.0,230.0,0.01610987857754375,90.7964620016806,1
36.24,0,0,0,1,0,0,2.0658192419825063,-0.9236151603498542,700.0,230.0,0.01610987857754375,90.7964620016806,1
36.26,0,0,0,1,0,0,2.0473027332527423,-0.9280102339394687,700.0,230.0,0.01610987857754375,90.7964620016806,1
36.28,0,0,0,1,0,0,2.0286998517724273,-0.9322524354042284,700.0,230.0,0.01610987857754375,90.7964620016806,1
36.3,0,0,0,1,0,0,2.0100136549840726,-0.9363417647441306,700.0,230.0,0.01610987857754375,90.7964620016806,1
36.32,0,0,0,1,0,0,1.9912472003301622,-0.9402782219591782,700.0,230.0,0.01610987857754375,90.7964620016806,1
36.34,0,0,0,1,0,0,1.972403545253199,-0.9440618070493692,700.0,230.0,0.01610987857754375,90.7964620016806,1
36.36,0,0,0,1,0,0,1.9534857471956868,-0.9476925200147028,700.0,230.0,0.01610987857754375,90.7964620016806,1
36.38,0,0,0,1,0,0,1.9344968636001103,-0.9511703608551817,700.0,230.0,0.01610987857754375,90.7964620016806,1
36.4,0,0,0,1,0,0,1.91543995190898,-0.9544953295708031,700.0,230.0,0.01610987857754375,90.7964620016806,1
36.42,0,0,0,1,0,0,1.896318069564778,-0.9576674261615693,700.0,230.0,0.01610987857754375,90.7964620016806,1
36.44,0,0,0,1,0,0,1.8771342740100168,-0.9606866506274784,700.0,230.0,0.01610987857754375,90.7964620016806,1
36.46,0,0,0,1,0,0,1.8578916226871784,-0.9635530029685323,700.0,230.0,0.01610987857754375,90.7964620016806,1
36.48,0,0,0,1,0,0,1.8385931730387757,-0.9662664831847291,700.0,230.0,0.01610987857754375,90.7964620016806,1
36.5,0,0,0,1,0,0,1.8192419825072894,-0.9688270912760706,700.0,230.0,0.01610987857754375,90.7964620016806,1
36.52,0,0,0,1,0,0,1.7998411085352255,-0.9712348272425559,700.0,230.0,0.01610987857754375,90.7964620016806,1
36.54,0,0,0,1,0,0,1.780393608565087,-0.9734896910841843,700.0,230.0,0.01610987857754375,90.7964620016806,1
36.56,0,0,0,1,0,0,1.7609025400393579,-0.975591682800957,700.0,230.0,0.01610987857754375,90.7964620016806,1
36.58,0,0,0,1,0,0,1.741370960400549,-0.977540802392873,700.0,230.0,0.01610987857754375,90.7964620016806,1
36.6,0,0,0,1,0,0,1.7218019270911435,-0.9793370498599334,700.0,230.0,0.01610987857754375,90.7964620016806,1
36.62,0,0,0,1,0,0,1.7021984975536517,-0.980980425202137,700.0,230.0,0.01610987857754375,90.7964620016806,1
36.64,0,0,0,1,0,0,1.6825637292305573,-0.9824709284194851,700.0,230.0,0.01610987857754375,90.7964620016806,1
36.66,0,0,0,1,0,0,1.6629006795643722,-0.9838085595119764,700.0,230.0,0.01610987857754375,90.7964620016806,1
36.68,0,0,0,1,0,0,1.6432124059975783,-0.984993318479612,700.0,230.0,0.01610987857754375,90.7964620016806,1
36.7,0,0,0,1,0,0,1.6235019659726804,-0.9860252053223917,700.0,230.0,0.01610987857754375,90.7964620016806,1
36.72,0,0,0,1,0,0,1.6037724169321828,-0.9869042200403145,700.0,230.0,0.01610987857754375,90.7964620016806,1
36.74,0,0,0,1,0,0,1.5840268163185676,-0.9876303626333816,700.0,230.0,0.01610987857754375,90.7964620016806,1
36.76,0,0,0,1,0,0,1.5642682215743466,-0.9882036331015921,700.0,230.0,0.01610987857754375,90.7964620016806,1
36.78,0,0,0,1,0,0,1.5444996901420038,-0.9886240314449467,700.0,230.0,0.01610987857754375,90.7964620016806,1
36.8,0,0,0,1,0,0,1.5247242794640492,-0.9888915576634448,700.0,230.0,0.01610987857754375,90.7964620016806,1
36.82,0,0,0,1,0,0,1.504945046982966,-0.989006211757087,700.0,230.0,0.01610987857754375,90.7964620016806,1
36.84,0,0,0,1,0,0,1.485165050141258,-0.9889679937258731,700.0,230.0,0.01610987857754375,90.7964620016806,1
36.86,0,0,0,1,0,0,1.4653873463814304,-0.9887769035698027,700.0,230.0,0.01610987857754375,90.7964620016806,1
36.88,0,0,0,1,0,0,1.4456149931459663,-0.9884329412888765,700.0,230.0,0.01610987857754375,90.7964620016806,1
36.9,0,0,0,1,0,0,1.425851047877376,-0.9879361068830939,700.0,230.0,0.01610987857754375,90.7964620016806,1
36.92,0,0,0,1,0,0,1.4060985680181424,-0.9872864003524551,700.0,230.0,0.01610987857754375,90.7964620016806,1
36.94,0,0,0,1,0,0,1.3863606110107776,-0.9864838216969604,700.0,230.0,0.01610987857754375,90.7964620016806,1
36.96,0,0,0,1,0,0,1.3666402342977637,-0.9855283709166087,700.0,230.0,0.01610987857754375,90.7964620016806,1
36.98,0,0,0,1,0,0,1.3469404953216129,-0.9844200480114017,700.0,230.0,0.01610987857754375,90.7964620016806,1
37.0,0,0,0,1,0,0,1.3272644515248078,-0.9831588529813382,700.0,230.0,0.01610987857754375,90.7964620016806,1
37.02,0,0,0,1,0,0,1.3076151603498523,-0.9817447858264183,700.0,230.0,0.01610987857754375,90.7964620016806,1
37.04,0,0,0,1,0,0,1.2879956792392508,-0.9801778465466428,700.0,230.0,0.01610987857754375,90.7964620016806,1
37.06,0,0,0,1,0,0,1.2684090656354865,-0.9784580351420104,700.0,230.0,0.01610987857754375,90.7964620016806,1
37.08,0,0,0,1,0,0,1.2488583769810702,-0.9765853516125224,700.0,230.0,0.01610987857754375,90.7964620016806,1
37.1,0,0,0,1,0,0,1.2293466707184852,-0.9745597959581775,700.0,230.0,0.01610987857754375,90.7964620016806,1
37.12,0,0,0,1,0,0,1.209877004290243,-0.9723813681789774,700.0,230.0,0.01610987857754375,90.7964620016806,1
37.14,0,0,0,1,0,0,1.190452435138826,-0.9700500682749204,700.0,230.0,0.01610987857754375,90.7964620016806,1
37.16,0,0,0,1,0,0,1.1710760207067459,-0.9675658962460079,700.0,230.0,0.01610987857754375,90.7964620016806,1
37.18,0,0,0,1,0,0,1.151750818436486,-0.9649288520922383,700.0,230.0,0.01610987857754375,90.7964620016806,1
37.2,0,0,0,1,0,0,1.1324798857705496,-0.9621389358136123,700.0,230.0,0.01610987857754375,90.7964620016806,1
37.22,0,0,0,1,0,0,1.113266280151441,-0.9591961474101313,700.0,230.0,0.01610987857754375,90.7964620016806,1
37.24,0,0,0,1,0,0,1.094113059021644,-0.956100486881793,700.0,230.0,0.01610987857754375,90.7964620016806,1
37.26,0,0,0,1,0,0,1.0750232798236692,-0.9528519542286,700.0,230.0,0.01610987857754375,90.7964620016806,1
37.28,0,0,0,1,0,0,1.0560000000000003,-0.9494505494505494,700.0,230.0,0.01610987857754375,90.7964620016806,1
37.3,0,0,0,1,0,0,1.0370462769931472,-0.9458962725476437,700.0,230.0,0.01610987857754375,90.7964620016806,1
37.32,0,0,0,1,0,0,1.018165168245594,-0.9421891235198807,700.0,230.0,0.01610987857754375,90.7964620016806,1
37.34,0,0,0,1,0,0,0.999359731199845,-0.9383291023672615,700.0,230.0,0.01610987857754375,90.7964620016806,1
37.36,0,0,0,1,0,0,0.9806330232984034,-0.9343162090897873,700.0,230.0,0.01610987857754375,90.7964620016806,1
37.38,0,0,0,1,0,0,0.9619881019837534,-0.9301504436874557,700.0,230.0,0.01610987857754375,90.7964620016806,1
37.4,0,0,0,1,0,0,0.943428024698405,-0.9258318061602693,700.0,230.0,0.01610987857754375,90.7964620016806,1
37.42,0,0,0,1,0,0,0.9249558488848424,-0.9213602965082254,700.0,230.0,0.01610987857754375,90.7964620016806,1
37.44,0,0,0,1,0,0,0.906574631985576,-0.9167359147313267,700.0,230.0,0.01610987857754375,90.7964620016806,1
37.46,0,0,0,1,0,0,0.8882874314430892,-0.91195866082957,700.0,230.0,0.01610987857754375,90.7964620016806,1
37.48,0,0,0,1,0,0,0.8700973046998928,-0.9070285348029592,700.0,230.0,0.01610987857754375,90.7964620016806,1
37.5,0,0,0,1,0,0,0.8520073091984708,-0.9019455366514901,700.0,230.0,0.01610987857754375,90.7964620016806,1
37.52,0,0,0,1,0,0,0.8340205023813264,-0.896709666375165,700.0,230.0,0.01610987857754375,90.7964620016806,1
37.54,0,0,0,1,0,0,0.8161399416909638,-0.8913209239739855,700.0,230.0,0.01610987857754375,90.7964620016806,1
37.56,0,0,0,1,0,0,0.7983686845698672,-0.8857793094479481,700.0,230.0,0.01610987857754375,90.7964620016806,1
37.58,0,0,0,1,0,0,0.7807097884605458,-0.8800848227970564,700.0,230.0,0.01610987857754375,90.7964620016806,1
37.6,0,0,0,1,0,0,0.7631663108054847,-0.8742374640213063,700.0,230.0,0.01610987857754375,90.7964620016806,1
37.62,0,0,0,1,0,0,0.7457413090471933,-0.8682372331207023,700.0,230.0,0.01610987857754375,90.7964620016806,1
37.64,0,0,0,1,0,0,0.7284378406281563,-0.8620841300952399,700.0,230.0,0.01610987857754375,90.7964620016806,1
37.66,0,0,0,1,0,0,0.7112589629908832,-0.8557781549449235,700.0,230.0,0.01610987857754375,90.7964620016806,1
37.68,0,0,0,1,0,0,0.6942077335778594,-0.8493193076697487,700.0,230.0,0.01610987857754375,90.7964620016806,1
37.7,0,0,0,1,0,0,0.6772872098315872,-0.8427075882697178,700.0,230.0,0.01610987857754375,90.7964620016806,1
37.72,0,0,0,1,0,0,0.6605004491945704,-0.8359429967448331,700.0,230.0,0.01610987857754375,90.7964620016806,1
37.74,0,0,0,1,0,0,0.6438505091092936,-0.8290255330950895,700.0,230.0,0.01610987857754375,90.7964620016806,1
37.76,0,0,0,1,0,0,0.6273404470182664,-0.8219551973204924,700.0,230.0,0.01610987857754375,90.7964620016806,1
37.78,0,0,0,1,0,0,0.6109733203639737,-0.8147319894210364,700.0,230.0,0.01610987857754375,90.7964620016806,1
37.8,0,0,0,1,0,0,0.5947521865889245,-0.8073559093967271,700.0,230.0,0.01610987857754375,90.7964620016806,1
37.82,0,0,0,1,0,0,0.5786801031356045,-0.7998269572475589,700.0,230.0,0.01610987857754375,90.7964620016806,1
37.84,0,0,0,1,0,0,0.5627601274465162,-0.7921451329735344,700.0,230.0,0.01610987857754375,90.7964620016806,1
37.86,0,0,0,1,0,0,0.5469953169641628,-0.7843104365746566,700.0,230.0,0.01610987857754375,90.7964620016806,1
37.88,0,0,0,1,0,0,0.5313887291310297,-0.7763228680509197,700.0,230.0,0.01610987857754375,90.7964620016806,1
37.9,0,0,0,1,0,0,0.5159434213896255,-0.7681824274023292,700.0,230.0,0.01610987857754375,90.7964620016806,1
37.92,0,0,0,1,0,0,0.5006624511824364,-0.7598891146288801,700.0,230.0,0.01610987857754375,90.7964620016806,1
37.94,0,0,0,1,0,0,0.48554887595197,-0.7514429297305776,700.0,230.0,0.01610987857754375,90.7964620016806,1
37.96,0,0,0,1,0,0,0.47060575314071307,-0.7428438727074158,700.0,230.0,0.01610987857754375,90.7964620016806,1
37.98,0,0,0,1,0,0,0.455836140191173,-0.734091943559401,700.0,230.0,0.01610987857754375,90.7964620016806,1
38.0,0,0,0,1,0,0,0.4412430945458367,-0.7251871422865269,700.0,230.0,0.01610987857754375,90.7964620016806,1
38.02,0,0,0,1,0,0,0.42682967364720653,-0.7161294688887966,700.0,230.0,0.01610987857754375,90.7964620016806,1
38.04,0,0,0,1,0,0,0.4125989349377843,-0.7069189233662132,700.0,230.0,0.01610987857754375,90.7964620016806,1
38.06,0,0,0,1,0,0,0.3985539358600576,-0.6975555057187705,700.0,230.0,0.01610987857754375,90.7964620016806,1
38.08,0,0,0,1,0,0,0.38469773385653316,-0.6880392159464748,700.0,230.0,0.01610987857754375,90.7964620016806,1
38.1,0,0,0,1,0,0,0.3710333863696983,-0.6783700540493196,700.0,230.0,0.01610987857754375,90.7964620016806,1
38.12,0,0,0,1,0,0,0.35756395084205994,-0.6685480200273118,700.0,230.0,0.01610987857754375,90.7964620016806,1
38.14,0,0,0,1,0,0,0.3442924847161056,-0.6585731138804441,700.0,230.0,0.01610987857754375,90.7964620016806,1
38.16,0,0,0,1,0,0,0.3312220454343417,-0.648445335608724,700.0,230.0,0.01610987857754375,90.7964620016806,1
38.18,0,0,0,1,0,0,0.3183556904392562,-0.6381646852121439,700.0,230.0,0.01610987857754375,90.7964620016806,1
38.2,0,0,0,1,0,0,0.305696477173351,-0.6277311626907077,700.0,230.0,0.01610987857754375,90.7964620016806,1
38.22,0,0,0,1,0,0,0.2932474630791274,-0.6171447680444191,700.0,230.0,0.01610987857754375,90.7964620016806,1
38.24,0,0,0,1,0,0,0.28101170559907385,-0.6064055012732703,700.0,230.0,0.01610987857754375,90.7964620016806,1
38.26,0,0,0,1,0,0,0.26899226217569616,-0.5955133623772695,700.0,230.0,0.01610987857754375,90.7964620016806,1
38.28,0,0,0,1,0,0,0.25719219025148266,-0.5844683513564084,700.0,230.0,0.01610987857754375,90.7964620016806,1
38.3,0,0,0,1,0,0,0.24561454726893917,-0.573270468210695,700.0,230.0,0.01610987857754375,90.7964620016806,1
38.32,0,0,0,1,0,0,0.2342623906705545,-0.5619197129401216,700.0,230.0,0.01610987857754375,90.7964620016806,1
38.34,0,0,0,1,0,0,0.2231387778988299,-0.550416085544692,700.0,230.0,0.01610987857754375,90.7964620016806,1
38.36,0,0,0,1,0,0,0.21224676639626627,-0.5387595860244101,700.0,230.0,0.01610987857754375,90.7964620016806,1
38.38,0,0,0,1,0,0,0.20158941360535304,-0.526950214379268,700.0,230.0,0.01610987857754375,90.7964620016806,1
38.4,0,0,0,1,0,0,0.19116977696859497,-0.5149879706092739,700.0,230.0,0.01610987857754375,90.7964620016806,1
38.42,0,0,0,1,0,0,0.18099091392848166,-0.5028728547144194,700.0,230.0,0.01610987857754375,90.7964620016806,1
38.44,0,0,0,1,0,0,0.17105588192751753,-0.4906048666947131,700.0,230.0,0.01610987857754375,90.7964620016806,1
38.46,0,0,0,1,0,0,0.16136773840819268,-0.47818400655014615,700.0,230.0,0.01610987857754375,90.7964620016806,1
38.48,0,0,0,1,0,0,0.15192954081301108,-0.4656102742807275,700.0,230.0,0.01610987857754375,90.7964620016806,1
38.5,0,0,0,1,0,0,0.14274434658446308,-0.452883669886448,700.0,230.0,0.01610987857754375,90.7964620016806,1
38.52,0,0,0,1,0,0,0.13381521316504935,-0.44000419336731256,700.0,230.0,0.01610987857754375,90.7964620016806,1
38.54,0,0,0,1,0,0,0.12514519799726995,-0.4269718447233254,700.0,230.0,0.01610987857754375,90.7964620016806,1
38.56,0,0,0,1,0,0,0.11673735852361586,-0.4137866239544774,700.0,230.0,0.01610987857754375,90.7964620016806,1
38.58,0,0,0,1,0,0,0.10859475218659015,-0.4004485310607779,700.0,230.0,0.01610987857754375,90.7964620016806,1
38.6,0,0,0,1,0,0,0.10072043642868418,-0.38695756604221754,700.0,230.0,0.01610987857754375,90.7964620016806,1
38.62,0,0,0,1,0,0,0.09311746869240072,-0.37331372889880576,700.0,230.0,0.01610987857754375,90.7964620016806,1
38.64,0,0,0,1,0,0,0.08578890642023142,-0.35951701963053295,700.0,230.0,0.01610987857754375,90.7964620016806,1
38.66,0,0,0,1,0,0,0.07873780705467864,-0.34556743823740893,700.0,230.0,0.01610987857754375,90.7964620016806,1
38.68,0,0,0,1,0,0,0.07196722803823452,-0.3314649847194237,700.0,230.0,0.01610987857754375,90.7964620016806,1
38.7,0,0,0,1,0,0,0.06548022681339866,-0.3172096590765822,700.0,230.0,0.01610987857754375,90.7964620016806,1
38.72,0,0,0,1,0,0,0.05927986082267042,-0.3028014613088897,700.0,230.0,0.01610987857754375,90.7964620016806,1
38.74,0,0,0,1,0,0,0.05336918750854247,-0.28824039141633584,700.0,230.0,0.01610987857754375,90.7964620016806,1
38.76,0,0,0,1,0,0,0.04775126431351617,-0.273526449398931,700.0,230.0,0.01610987857754375,90.7964620016806,1
38.78,0,0,0,1,0,0,0.04242914868008462,-0.25865963525666474,700.0,230.0,0.01610987857754375,90.7964620016806,1
38.8,0,0,0,1,0,0,0.03740589805074874,-0.2436399489895476,700.0,230.0,0.01610987857754375,90.7964620016806,1
38.82,0,0,0,1,0,0,0.03268456986800208,-0.22846739059756893,700.0,230.0,0.01610987857754375,90.7964620016806,1
38.84,0,0,0,1,0,0,0.02826822157434359,-0.21314196008073397,700.0,230.0,0.01610987857754375,90.7964620016806,1
38.86,0,0,0,1,0,0,0.024159910612271823,-0.19766365743904835,700.0,230.0,0.01610987857754375,90.7964620016806,1
38.88,0,0,0,1,0,0,0.02036269442428098,-0.18203248267250105,700.0,230.0,0.01610987857754375,90.7964620016806,1
38.9,0,0,0,1,0,0,0.016879630452870872,-0.16624843578110315,700.0,230.0,0.01610987857754375,90.7964620016806,1
38.92,0,0,0,1,0,0,0.013713776140536146,-0.15031151676484336,700.0,230.0,0.01610987857754375,90.7964620016806,1
38.94,0,0,0,1,0,0,0.010868188929776187,-0.13422172562373316,700.0,230.0,0.01610987857754375,90.7964620016806,1
38.96,0,0,0,1,0,0,0.008345926263086091,-0.11797906235776101,700.0,230.0,0.01610987857754375,90.7964620016806,1
38.98,0,0,0,1,0,0,0.0061500455829647735,-0.10158352696693848,700.0,230.0,0.01610987857754375,90.7964620016806,1
39.0,0,0,0,1,0,0,0.004283604331907797,-0.08503511945125393,700.0,230.0,0.01610987857754375,90.7964620016806,1
39.02,0,0,0,1,0,0,0.0027496599524131256,-0.06833383981071314,700.0,230.0,0.01610987857754375,90.7964620016806,1
39.04,0,0,0,1,0,0,0.0015512698869782513,-0.051479688045322124,700.0,230.0,0.01610987857754375,90.7964620016806,1
39.06,0,0,0,1,0,0,0.0006914915780994462,-0.03447266415506892,700.0,230.0,0.01610987857754375,90.7964620016806,1
39.08,0,0,0,1,0,0,0.0001733824682744436,-0.01731276813996561,700.0,230.0,0.01610987857754375,90.7964620016806,1
39.1,0,0,0,1,0,0,0.0,0.0,700.0,230.0,0.01610987857754375,90.7964620016806,1
